
 /----------------------------------------------------------------------------\
 |                                                                            |
 |  yosys -- Yosys Open SYnthesis Suite                                       |
 |                                                                            |
 |  Copyright (C) 2012 - 2020  Claire Xenia Wolf <claire@yosyshq.com>         |
 |                                                                            |
 |  Permission to use, copy, modify, and/or distribute this software for any  |
 |  purpose with or without fee is hereby granted, provided that the above    |
 |  copyright notice and this permission notice appear in all copies.         |
 |                                                                            |
 |  THE SOFTWARE IS PROVIDED "AS IS" AND THE AUTHOR DISCLAIMS ALL WARRANTIES  |
 |  WITH REGARD TO THIS SOFTWARE INCLUDING ALL IMPLIED WARRANTIES OF          |
 |  MERCHANTABILITY AND FITNESS. IN NO EVENT SHALL THE AUTHOR BE LIABLE FOR   |
 |  ANY SPECIAL, DIRECT, INDIRECT, OR CONSEQUENTIAL DAMAGES OR ANY DAMAGES    |
 |  WHATSOEVER RESULTING FROM LOSS OF USE, DATA OR PROFITS, WHETHER IN AN     |
 |  ACTION OF CONTRACT, NEGLIGENCE OR OTHER TORTIOUS ACTION, ARISING OUT OF   |
 |  OR IN CONNECTION WITH THE USE OR PERFORMANCE OF THIS SOFTWARE.            |
 |                                                                            |
 \----------------------------------------------------------------------------/

 Yosys 0.33 (git sha1 2584903a060)


-- Executing script file `../model/design.ys' --

1. Executing Verilog-2005 frontend: cordic_stage.sv
Parsing formal SystemVerilog input from `cordic_stage.sv' to AST representation.
Storing AST representation for module `$abstract\cordic_stage'.
Successfully finished Verilog frontend.

2. Executing Verilog-2005 frontend: cordic_core_pipe.sv
Parsing formal SystemVerilog input from `cordic_core_pipe.sv' to AST representation.
Storing AST representation for module `$abstract\cordic_core_pipe'.
Successfully finished Verilog frontend.

3. Executing Verilog-2005 frontend: cordic_core_iter.sv
Parsing formal SystemVerilog input from `cordic_core_iter.sv' to AST representation.
Storing AST representation for module `$abstract\cordic_core_iter'.
Successfully finished Verilog frontend.

4. Executing Verilog-2005 frontend: cordic_pre.sv
Parsing formal SystemVerilog input from `cordic_pre.sv' to AST representation.
Storing AST representation for module `$abstract\cordic_pre'.
Successfully finished Verilog frontend.

5. Executing Verilog-2005 frontend: cordic_post.sv
Parsing formal SystemVerilog input from `cordic_post.sv' to AST representation.
Storing AST representation for module `$abstract\cordic_post'.
Successfully finished Verilog frontend.

6. Executing Verilog-2005 frontend: cordic_unit.sv
Parsing formal SystemVerilog input from `cordic_unit.sv' to AST representation.
Storing AST representation for module `$abstract\cordic_unit'.
Successfully finished Verilog frontend.

7. Executing Verilog-2005 frontend: cordic_equiv_miter.sv
Parsing formal SystemVerilog input from `cordic_equiv_miter.sv' to AST representation.
Storing AST representation for module `$abstract\cordic_equiv_miter'.
Successfully finished Verilog frontend.
Parameter \DataWidth = 8
Parameter \FracBits = 5
Parameter \NumStages = 5

8. Executing AST frontend in derive mode using pre-parsed AST for module `\cordic_equiv_miter'.
Parameter \DataWidth = 8
Parameter \FracBits = 5
Parameter \NumStages = 5
Generating RTLIL representation for module `$paramod$0da1af5dae6be1318b3a62fe1e80cb386b6f1a10\cordic_equiv_miter'.

9. Executing PREP pass.

9.1. Executing HIERARCHY pass (managing design hierarchy).

9.2. Executing AST frontend in derive mode using pre-parsed AST for module `\cordic_equiv_miter'.
Generating RTLIL representation for module `\cordic_equiv_miter'.

9.2.1. Analyzing design hierarchy..
Top module:  \cordic_equiv_miter
Parameter \DataWidth = 8
Parameter \FracBits = 5
Parameter \NumStages = 5
Parameter \Variant = 1
Parameter \GuardInt = 2
Parameter \GuardFrac = 4
Parameter \AttrWidth = 22
Parameter \FlagWidth = 4

9.2.2. Executing AST frontend in derive mode using pre-parsed AST for module `\cordic_unit'.
Parameter \DataWidth = 8
Parameter \FracBits = 5
Parameter \NumStages = 5
Parameter \Variant = 1
Parameter \GuardInt = 2
Parameter \GuardFrac = 4
Parameter \AttrWidth = 22
Parameter \FlagWidth = 4
Generating RTLIL representation for module `$paramod$d65250d32a3a3b63267a61a752ff3d1effa537d5\cordic_unit'.
Parameter \DataWidth = 8
Parameter \FracBits = 5
Parameter \NumStages = 5
Parameter \Variant = 0
Parameter \GuardInt = 2
Parameter \GuardFrac = 4
Parameter \AttrWidth = 22
Parameter \FlagWidth = 4

9.2.3. Executing AST frontend in derive mode using pre-parsed AST for module `\cordic_unit'.
Parameter \DataWidth = 8
Parameter \FracBits = 5
Parameter \NumStages = 5
Parameter \Variant = 0
Parameter \GuardInt = 2
Parameter \GuardFrac = 4
Parameter \AttrWidth = 22
Parameter \FlagWidth = 4
Generating RTLIL representation for module `$paramod$70820d58573aa6bc151b08ca87828bb1aacf54b8\cordic_unit'.

9.2.4. Analyzing design hierarchy..
Top module:  \cordic_equiv_miter
Used module:     $paramod$d65250d32a3a3b63267a61a752ff3d1effa537d5\cordic_unit
Used module:     $paramod$70820d58573aa6bc151b08ca87828bb1aacf54b8\cordic_unit
Parameter \Width = 14
Parameter \FracBits = 9
Parameter \NumStages = 5
Parameter \AttrWidth = 22

9.2.5. Executing AST frontend in derive mode using pre-parsed AST for module `\cordic_core_iter'.
Parameter \Width = 14
Parameter \FracBits = 9
Parameter \NumStages = 5
Parameter \AttrWidth = 22
Generating RTLIL representation for module `$paramod$4bd8633b1a71c7555a354b0e88fbd5ae2933d1fe\cordic_core_iter'.
Parameter \DataWidth = 8
Parameter \FracBits = 5
Parameter \GuardInt = 2
Parameter \GuardFrac = 4
Parameter \NumStages = 5
Parameter \AttrWidth = 22
Parameter \FlagWidth = 4

9.2.6. Executing AST frontend in derive mode using pre-parsed AST for module `\cordic_post'.
Parameter \DataWidth = 8
Parameter \FracBits = 5
Parameter \GuardInt = 2
Parameter \GuardFrac = 4
Parameter \NumStages = 5
Parameter \AttrWidth = 22
Parameter \FlagWidth = 4
Generating RTLIL representation for module `$paramod$88d5efff5ea4ed3f4dc036b654af2da8e0760030\cordic_post'.
Parameter \DataWidth = 8
Parameter \FracBits = 5
Parameter \GuardInt = 2
Parameter \GuardFrac = 4
Parameter \NumStages = 5
Parameter \AttrWidth = 22

9.2.7. Executing AST frontend in derive mode using pre-parsed AST for module `\cordic_pre'.
Parameter \DataWidth = 8
Parameter \FracBits = 5
Parameter \GuardInt = 2
Parameter \GuardFrac = 4
Parameter \NumStages = 5
Parameter \AttrWidth = 22
Generating RTLIL representation for module `$paramod$801fe539f75c768c502eaedc222877d9a728ec18\cordic_pre'.
Parameter \Width = 14
Parameter \FracBits = 9
Parameter \NumStages = 5
Parameter \AttrWidth = 22

9.2.8. Executing AST frontend in derive mode using pre-parsed AST for module `\cordic_core_pipe'.
Parameter \Width = 14
Parameter \FracBits = 9
Parameter \NumStages = 5
Parameter \AttrWidth = 22
Generating RTLIL representation for module `$paramod$4bd8633b1a71c7555a354b0e88fbd5ae2933d1fe\cordic_core_pipe'.
Parameter \DataWidth = 8
Parameter \FracBits = 5
Parameter \GuardInt = 2
Parameter \GuardFrac = 4
Parameter \NumStages = 5
Parameter \AttrWidth = 22
Parameter \FlagWidth = 4
Found cached RTLIL representation for module `$paramod$88d5efff5ea4ed3f4dc036b654af2da8e0760030\cordic_post'.
Parameter \DataWidth = 8
Parameter \FracBits = 5
Parameter \GuardInt = 2
Parameter \GuardFrac = 4
Parameter \NumStages = 5
Parameter \AttrWidth = 22
Found cached RTLIL representation for module `$paramod$801fe539f75c768c502eaedc222877d9a728ec18\cordic_pre'.

9.2.9. Analyzing design hierarchy..
Top module:  \cordic_equiv_miter
Used module:     $paramod$d65250d32a3a3b63267a61a752ff3d1effa537d5\cordic_unit
Used module:         $paramod$4bd8633b1a71c7555a354b0e88fbd5ae2933d1fe\cordic_core_iter
Used module:         $paramod$88d5efff5ea4ed3f4dc036b654af2da8e0760030\cordic_post
Used module:         $paramod$801fe539f75c768c502eaedc222877d9a728ec18\cordic_pre
Used module:     $paramod$70820d58573aa6bc151b08ca87828bb1aacf54b8\cordic_unit
Used module:         $paramod$4bd8633b1a71c7555a354b0e88fbd5ae2933d1fe\cordic_core_pipe
Parameter \Width = 14

9.2.10. Executing AST frontend in derive mode using pre-parsed AST for module `\cordic_stage'.
Parameter \Width = 14
Generating RTLIL representation for module `$paramod\cordic_stage\Width=32'00000000000000000000000000001110'.
Parameter \Width = 14
Found cached RTLIL representation for module `$paramod\cordic_stage\Width=32'00000000000000000000000000001110'.
Parameter \Width = 14
Found cached RTLIL representation for module `$paramod\cordic_stage\Width=32'00000000000000000000000000001110'.
Parameter \Width = 14
Found cached RTLIL representation for module `$paramod\cordic_stage\Width=32'00000000000000000000000000001110'.
Parameter \Width = 14
Found cached RTLIL representation for module `$paramod\cordic_stage\Width=32'00000000000000000000000000001110'.
Parameter \Width = 14
Found cached RTLIL representation for module `$paramod\cordic_stage\Width=32'00000000000000000000000000001110'.

9.2.11. Analyzing design hierarchy..
Top module:  \cordic_equiv_miter
Used module:     $paramod$d65250d32a3a3b63267a61a752ff3d1effa537d5\cordic_unit
Used module:         $paramod$4bd8633b1a71c7555a354b0e88fbd5ae2933d1fe\cordic_core_iter
Used module:             $paramod\cordic_stage\Width=32'00000000000000000000000000001110
Used module:         $paramod$88d5efff5ea4ed3f4dc036b654af2da8e0760030\cordic_post
Used module:         $paramod$801fe539f75c768c502eaedc222877d9a728ec18\cordic_pre
Used module:     $paramod$70820d58573aa6bc151b08ca87828bb1aacf54b8\cordic_unit
Used module:         $paramod$4bd8633b1a71c7555a354b0e88fbd5ae2933d1fe\cordic_core_pipe

9.2.12. Analyzing design hierarchy..
Top module:  \cordic_equiv_miter
Used module:     $paramod$d65250d32a3a3b63267a61a752ff3d1effa537d5\cordic_unit
Used module:         $paramod$4bd8633b1a71c7555a354b0e88fbd5ae2933d1fe\cordic_core_iter
Used module:             $paramod\cordic_stage\Width=32'00000000000000000000000000001110
Used module:         $paramod$88d5efff5ea4ed3f4dc036b654af2da8e0760030\cordic_post
Used module:         $paramod$801fe539f75c768c502eaedc222877d9a728ec18\cordic_pre
Used module:     $paramod$70820d58573aa6bc151b08ca87828bb1aacf54b8\cordic_unit
Used module:         $paramod$4bd8633b1a71c7555a354b0e88fbd5ae2933d1fe\cordic_core_pipe
Removing unused module `$abstract\cordic_equiv_miter'.
Removing unused module `$abstract\cordic_unit'.
Removing unused module `$abstract\cordic_post'.
Removing unused module `$abstract\cordic_pre'.
Removing unused module `$abstract\cordic_core_iter'.
Removing unused module `$abstract\cordic_core_pipe'.
Removing unused module `$abstract\cordic_stage'.
Removed 7 unused modules.
Module cordic_equiv_miter directly or indirectly contains formal properties -> setting "keep" attribute.

9.3. Executing PROC pass (convert processes to netlists).

9.3.1. Executing PROC_CLEAN pass (remove empty switches from decision trees).
Cleaned up 0 empty switches.

9.3.2. Executing PROC_RMDEAD pass (remove dead branches from decision trees).
Marked 1 switch rules as full_case in process $proc$cordic_equiv_miter.sv:113$81 in module cordic_equiv_miter.
Marked 1 switch rules as full_case in process $proc$cordic_stage.sv:0$533 in module $paramod\cordic_stage\Width=32'00000000000000000000000000001110.
Marked 2 switch rules as full_case in process $proc$cordic_core_pipe.sv:146$526 in module $paramod$4bd8633b1a71c7555a354b0e88fbd5ae2933d1fe\cordic_core_pipe.
Marked 1 switch rules as full_case in process $proc$cordic_core_pipe.sv:0$519 in module $paramod$4bd8633b1a71c7555a354b0e88fbd5ae2933d1fe\cordic_core_pipe.
Marked 2 switch rules as full_case in process $proc$cordic_core_pipe.sv:146$515 in module $paramod$4bd8633b1a71c7555a354b0e88fbd5ae2933d1fe\cordic_core_pipe.
Marked 1 switch rules as full_case in process $proc$cordic_core_pipe.sv:0$508 in module $paramod$4bd8633b1a71c7555a354b0e88fbd5ae2933d1fe\cordic_core_pipe.
Marked 2 switch rules as full_case in process $proc$cordic_core_pipe.sv:146$504 in module $paramod$4bd8633b1a71c7555a354b0e88fbd5ae2933d1fe\cordic_core_pipe.
Marked 1 switch rules as full_case in process $proc$cordic_core_pipe.sv:0$497 in module $paramod$4bd8633b1a71c7555a354b0e88fbd5ae2933d1fe\cordic_core_pipe.
Marked 2 switch rules as full_case in process $proc$cordic_core_pipe.sv:146$493 in module $paramod$4bd8633b1a71c7555a354b0e88fbd5ae2933d1fe\cordic_core_pipe.
Marked 1 switch rules as full_case in process $proc$cordic_core_pipe.sv:0$486 in module $paramod$4bd8633b1a71c7555a354b0e88fbd5ae2933d1fe\cordic_core_pipe.
Marked 2 switch rules as full_case in process $proc$cordic_core_pipe.sv:146$482 in module $paramod$4bd8633b1a71c7555a354b0e88fbd5ae2933d1fe\cordic_core_pipe.
Marked 1 switch rules as full_case in process $proc$cordic_core_pipe.sv:0$475 in module $paramod$4bd8633b1a71c7555a354b0e88fbd5ae2933d1fe\cordic_core_pipe.
Marked 15 switch rules as full_case in process $proc$cordic_pre.sv:0$326 in module $paramod$801fe539f75c768c502eaedc222877d9a728ec18\cordic_pre.
Marked 2 switch rules as full_case in process $proc$cordic_post.sv:0$291 in module $paramod$88d5efff5ea4ed3f4dc036b654af2da8e0760030\cordic_post.
Marked 2 switch rules as full_case in process $proc$cordic_post.sv:0$280 in module $paramod$88d5efff5ea4ed3f4dc036b654af2da8e0760030\cordic_post.
Marked 2 switch rules as full_case in process $proc$cordic_post.sv:0$269 in module $paramod$88d5efff5ea4ed3f4dc036b654af2da8e0760030\cordic_post.
Marked 2 switch rules as full_case in process $proc$cordic_post.sv:0$268 in module $paramod$88d5efff5ea4ed3f4dc036b654af2da8e0760030\cordic_post.
Marked 1 switch rules as full_case in process $proc$cordic_post.sv:0$262 in module $paramod$88d5efff5ea4ed3f4dc036b654af2da8e0760030\cordic_post.
Marked 2 switch rules as full_case in process $proc$cordic_core_iter.sv:210$219 in module $paramod$4bd8633b1a71c7555a354b0e88fbd5ae2933d1fe\cordic_core_iter.
Marked 4 switch rules as full_case in process $proc$cordic_core_iter.sv:0$216 in module $paramod$4bd8633b1a71c7555a354b0e88fbd5ae2933d1fe\cordic_core_iter.
Marked 1 switch rules as full_case in process $proc$cordic_core_iter.sv:0$208 in module $paramod$4bd8633b1a71c7555a354b0e88fbd5ae2933d1fe\cordic_core_iter.
Marked 5 switch rules as full_case in process $proc$cordic_core_iter.sv:0$201 in module $paramod$4bd8633b1a71c7555a354b0e88fbd5ae2933d1fe\cordic_core_iter.
Removed a total of 0 dead cases.

9.3.3. Executing PROC_PRUNE pass (remove redundant assignments in processes).
Removed 2 redundant assignments.
Promoted 101 assignments to connections.

9.3.4. Executing PROC_INIT pass (extract init attributes).
Found init rule in `\cordic_equiv_miter.$proc$cordic_equiv_miter.sv:0$131'.
  Set init value: $formal$cordic_equiv_miter.sv:166$76_EN = 1'0
Found init rule in `\cordic_equiv_miter.$proc$cordic_equiv_miter.sv:0$129'.
  Set init value: $formal$cordic_equiv_miter.sv:165$75_EN = 1'0
Found init rule in `\cordic_equiv_miter.$proc$cordic_equiv_miter.sv:0$127'.
  Set init value: $formal$cordic_equiv_miter.sv:156$74_EN = 1'0
Found init rule in `\cordic_equiv_miter.$proc$cordic_equiv_miter.sv:0$125'.
  Set init value: $formal$cordic_equiv_miter.sv:155$73_EN = 1'0
Found init rule in `\cordic_equiv_miter.$proc$cordic_equiv_miter.sv:0$123'.
  Set init value: $formal$cordic_equiv_miter.sv:154$72_EN = 1'0
Found init rule in `\cordic_equiv_miter.$proc$cordic_equiv_miter.sv:0$121'.
  Set init value: $formal$cordic_equiv_miter.sv:153$71_EN = 1'0
Found init rule in `\cordic_equiv_miter.$proc$cordic_equiv_miter.sv:0$119'.
  Set init value: $formal$cordic_equiv_miter.sv:152$70_EN = 1'0
Found init rule in `\cordic_equiv_miter.$proc$cordic_equiv_miter.sv:0$117'.
  Set init value: $formal$cordic_equiv_miter.sv:151$69_EN = 1'0

9.3.5. Executing PROC_ARST pass (detect async resets in processes).
Found async reset \rst_ni in `\cordic_equiv_miter.$proc$cordic_equiv_miter.sv:113$81'.
Found async reset \rst_ni in `$paramod$4bd8633b1a71c7555a354b0e88fbd5ae2933d1fe\cordic_core_pipe.$proc$cordic_core_pipe.sv:146$526'.
Found async reset \rst_ni in `$paramod$4bd8633b1a71c7555a354b0e88fbd5ae2933d1fe\cordic_core_pipe.$proc$cordic_core_pipe.sv:146$515'.
Found async reset \rst_ni in `$paramod$4bd8633b1a71c7555a354b0e88fbd5ae2933d1fe\cordic_core_pipe.$proc$cordic_core_pipe.sv:146$504'.
Found async reset \rst_ni in `$paramod$4bd8633b1a71c7555a354b0e88fbd5ae2933d1fe\cordic_core_pipe.$proc$cordic_core_pipe.sv:146$493'.
Found async reset \rst_ni in `$paramod$4bd8633b1a71c7555a354b0e88fbd5ae2933d1fe\cordic_core_pipe.$proc$cordic_core_pipe.sv:146$482'.
Found async reset \rst_ni in `$paramod$4bd8633b1a71c7555a354b0e88fbd5ae2933d1fe\cordic_core_iter.$proc$cordic_core_iter.sv:210$219'.

9.3.6. Executing PROC_ROM pass (convert switches to ROMs).
Converted 0 switches.
<suppressed ~62 debug messages>

9.3.7. Executing PROC_MUX pass (convert decision trees to multiplexers).
Creating decoders for process `\cordic_equiv_miter.$proc$cordic_equiv_miter.sv:0$131'.
Creating decoders for process `\cordic_equiv_miter.$proc$cordic_equiv_miter.sv:0$129'.
Creating decoders for process `\cordic_equiv_miter.$proc$cordic_equiv_miter.sv:0$127'.
Creating decoders for process `\cordic_equiv_miter.$proc$cordic_equiv_miter.sv:0$125'.
Creating decoders for process `\cordic_equiv_miter.$proc$cordic_equiv_miter.sv:0$123'.
Creating decoders for process `\cordic_equiv_miter.$proc$cordic_equiv_miter.sv:0$121'.
Creating decoders for process `\cordic_equiv_miter.$proc$cordic_equiv_miter.sv:0$119'.
Creating decoders for process `\cordic_equiv_miter.$proc$cordic_equiv_miter.sv:0$117'.
Creating decoders for process `\cordic_equiv_miter.$proc$cordic_equiv_miter.sv:163$109'.
     1/4: $0$formal$cordic_equiv_miter.sv:165$75_EN[0:0]$111
     2/4: $0$formal$cordic_equiv_miter.sv:165$75_CHECK[0:0]$110
     3/4: $0$formal$cordic_equiv_miter.sv:166$76_EN[0:0]$113
     4/4: $0$formal$cordic_equiv_miter.sv:166$76_CHECK[0:0]$112
Creating decoders for process `\cordic_equiv_miter.$proc$cordic_equiv_miter.sv:149$89'.
     1/12: $0$formal$cordic_equiv_miter.sv:151$69_EN[0:0]$91
     2/12: $0$formal$cordic_equiv_miter.sv:151$69_CHECK[0:0]$90
     3/12: $0$formal$cordic_equiv_miter.sv:152$70_EN[0:0]$93
     4/12: $0$formal$cordic_equiv_miter.sv:152$70_CHECK[0:0]$92
     5/12: $0$formal$cordic_equiv_miter.sv:153$71_EN[0:0]$95
     6/12: $0$formal$cordic_equiv_miter.sv:153$71_CHECK[0:0]$94
     7/12: $0$formal$cordic_equiv_miter.sv:154$72_EN[0:0]$97
     8/12: $0$formal$cordic_equiv_miter.sv:154$72_CHECK[0:0]$96
     9/12: $0$formal$cordic_equiv_miter.sv:155$73_EN[0:0]$99
    10/12: $0$formal$cordic_equiv_miter.sv:155$73_CHECK[0:0]$98
    11/12: $0$formal$cordic_equiv_miter.sv:156$74_EN[0:0]$101
    12/12: $0$formal$cordic_equiv_miter.sv:156$74_CHECK[0:0]$100
Creating decoders for process `\cordic_equiv_miter.$proc$cordic_equiv_miter.sv:123$85'.
     1/12: $0\i_ct[7:0]
     2/12: $0\p_ct[7:0]
     3/12: $0\i_cfn[4:0]
     4/12: $0\p_cfn[4:0]
     5/12: $0\i_cf[3:0]
     6/12: $0\p_cf[3:0]
     7/12: $0\i_cz[7:0]
     8/12: $0\i_cy[7:0]
     9/12: $0\i_cx[7:0]
    10/12: $0\p_cz[7:0]
    11/12: $0\p_cy[7:0]
    12/12: $0\p_cx[7:0]
Creating decoders for process `\cordic_equiv_miter.$proc$cordic_equiv_miter.sv:113$81'.
     1/2: $0\i_cnt[7:0]
     2/2: $0\p_cnt[7:0]
Creating decoders for process `$paramod\cordic_stage\Width=32'00000000000000000000000000001110.$proc$cordic_stage.sv:0$533'.
     1/1: $1\x_o[13:0]
Creating decoders for process `$paramod$4bd8633b1a71c7555a354b0e88fbd5ae2933d1fe\cordic_core_pipe.$proc$cordic_core_pipe.sv:159$528'.
     1/4: $0\aq[109:88]
     2/4: $0\zq[69:56]
     3/4: $0\yq[69:56]
     4/4: $0\xq[69:56]
Creating decoders for process `$paramod$4bd8633b1a71c7555a354b0e88fbd5ae2933d1fe\cordic_core_pipe.$proc$cordic_core_pipe.sv:146$526'.
     1/1: $0\vq[4:4]
Creating decoders for process `$paramod$4bd8633b1a71c7555a354b0e88fbd5ae2933d1fe\cordic_core_pipe.$proc$cordic_core_pipe.sv:0$519'.
     1/3: $1\gen_stage[4].angle[13:0]
     2/3: $1\gen_stage[4].y_sh[13:0]
     3/3: $1\gen_stage[4].x_sh[13:0]
Creating decoders for process `$paramod$4bd8633b1a71c7555a354b0e88fbd5ae2933d1fe\cordic_core_pipe.$proc$cordic_core_pipe.sv:159$517'.
     1/4: $0\aq[87:66]
     2/4: $0\zq[55:42]
     3/4: $0\yq[55:42]
     4/4: $0\xq[55:42]
Creating decoders for process `$paramod$4bd8633b1a71c7555a354b0e88fbd5ae2933d1fe\cordic_core_pipe.$proc$cordic_core_pipe.sv:146$515'.
     1/1: $0\vq[3:3]
Creating decoders for process `$paramod$4bd8633b1a71c7555a354b0e88fbd5ae2933d1fe\cordic_core_pipe.$proc$cordic_core_pipe.sv:0$508'.
     1/3: $1\gen_stage[3].angle[13:0]
     2/3: $1\gen_stage[3].y_sh[13:0]
     3/3: $1\gen_stage[3].x_sh[13:0]
Creating decoders for process `$paramod$4bd8633b1a71c7555a354b0e88fbd5ae2933d1fe\cordic_core_pipe.$proc$cordic_core_pipe.sv:159$506'.
     1/4: $0\aq[65:44]
     2/4: $0\zq[41:28]
     3/4: $0\yq[41:28]
     4/4: $0\xq[41:28]
Creating decoders for process `$paramod$4bd8633b1a71c7555a354b0e88fbd5ae2933d1fe\cordic_core_pipe.$proc$cordic_core_pipe.sv:146$504'.
     1/1: $0\vq[2:2]
Creating decoders for process `$paramod$4bd8633b1a71c7555a354b0e88fbd5ae2933d1fe\cordic_core_pipe.$proc$cordic_core_pipe.sv:0$497'.
     1/3: $1\gen_stage[2].angle[13:0]
     2/3: $1\gen_stage[2].y_sh[13:0]
     3/3: $1\gen_stage[2].x_sh[13:0]
Creating decoders for process `$paramod$4bd8633b1a71c7555a354b0e88fbd5ae2933d1fe\cordic_core_pipe.$proc$cordic_core_pipe.sv:159$495'.
     1/4: $0\aq[43:22]
     2/4: $0\zq[27:14]
     3/4: $0\yq[27:14]
     4/4: $0\xq[27:14]
Creating decoders for process `$paramod$4bd8633b1a71c7555a354b0e88fbd5ae2933d1fe\cordic_core_pipe.$proc$cordic_core_pipe.sv:146$493'.
     1/1: $0\vq[1:1]
Creating decoders for process `$paramod$4bd8633b1a71c7555a354b0e88fbd5ae2933d1fe\cordic_core_pipe.$proc$cordic_core_pipe.sv:0$486'.
     1/3: $1\gen_stage[1].angle[13:0]
     2/3: $1\gen_stage[1].y_sh[13:0]
     3/3: $1\gen_stage[1].x_sh[13:0]
Creating decoders for process `$paramod$4bd8633b1a71c7555a354b0e88fbd5ae2933d1fe\cordic_core_pipe.$proc$cordic_core_pipe.sv:159$484'.
     1/4: $0\aq[21:0]
     2/4: $0\zq[13:0]
     3/4: $0\yq[13:0]
     4/4: $0\xq[13:0]
Creating decoders for process `$paramod$4bd8633b1a71c7555a354b0e88fbd5ae2933d1fe\cordic_core_pipe.$proc$cordic_core_pipe.sv:146$482'.
     1/1: $0\vq[0:0]
Creating decoders for process `$paramod$4bd8633b1a71c7555a354b0e88fbd5ae2933d1fe\cordic_core_pipe.$proc$cordic_core_pipe.sv:0$475'.
     1/3: $1\gen_stage[0].angle[13:0]
     2/3: $1\gen_stage[0].y_sh[13:0]
     3/3: $1\gen_stage[0].x_sh[13:0]
Creating decoders for process `$paramod$801fe539f75c768c502eaedc222877d9a728ec18\cordic_pre.$proc$cordic_pre.sv:0$396'.
Creating decoders for process `$paramod$801fe539f75c768c502eaedc222877d9a728ec18\cordic_pre.$proc$cordic_pre.sv:0$392'.
Creating decoders for process `$paramod$801fe539f75c768c502eaedc222877d9a728ec18\cordic_pre.$proc$cordic_pre.sv:0$388'.
Creating decoders for process `$paramod$801fe539f75c768c502eaedc222877d9a728ec18\cordic_pre.$proc$cordic_pre.sv:0$387'.
Creating decoders for process `$paramod$801fe539f75c768c502eaedc222877d9a728ec18\cordic_pre.$proc$cordic_pre.sv:0$326'.
     1/50: $9\dom_err[0:0]
     2/50: $8\dom_err[0:0]
     3/50: $7\dom_err[0:0]
     4/50: $8\y0[13:0]
     5/50: $8\x0[13:0]
     6/50: $5\z0[13:0]
     7/50: $7\y0[13:0]
     8/50: $7\x0[13:0]
     9/50: $4\z0[13:0]
    10/50: $6\dom_err[0:0]
    11/50: $2\absv$func$cordic_pre.sv:239$320.$result[13:0]$361
    12/50: $2\absv$func$cordic_pre.sv:239$320.v[13:0]$362
    13/50: $3\z0[13:0]
    14/50: $6\y0[13:0]
    15/50: $6\x0[13:0]
    16/50: $2\absv$func$cordic_pre.sv:242$322.v[13:0]$366
    17/50: $2\absv$func$cordic_pre.sv:242$322.$result[13:0]$365
    18/50: $2\absv$func$cordic_pre.sv:241$321.v[13:0]$364
    19/50: $2\absv$func$cordic_pre.sv:241$321.$result[13:0]$363
    20/50: $1\absv$func$cordic_pre.sv:242$322.v[13:0]$360
    21/50: $1\absv$func$cordic_pre.sv:242$322.$result[13:0]$359
    22/50: $1\absv$func$cordic_pre.sv:241$321.v[13:0]$358
    23/50: $1\absv$func$cordic_pre.sv:241$321.$result[13:0]$357
    24/50: $1\absv$func$cordic_pre.sv:239$320.v[13:0]$356
    25/50: $1\absv$func$cordic_pre.sv:239$320.$result[13:0]$355
    26/50: $2\z0[13:0]
    27/50: $5\y0[13:0]
    28/50: $5\x0[13:0]
    29/50: $5\dom_err[0:0]
    30/50: $4\dom_err[0:0]
    31/50: $4\y0[13:0]
    32/50: $4\x0[13:0]
    33/50: $3\dom_err[0:0]
    34/50: $2\dom_err[0:0]
    35/50: $3\y0[13:0]
    36/50: $3\x0[13:0]
    37/50: $2\zero_res[0:0]
    38/50: $2\pi_ctl[1:0]
    39/50: $2\y0[13:0]
    40/50: $2\x0[13:0]
    41/50: $1\y0[13:0]
    42/50: $1\x0[13:0]
    43/50: $1\z0[13:0]
    44/50: $1\dom_err[0:0]
    45/50: $1\pi_ctl[1:0]
    46/50: $1\zero_res[0:0]
    47/50: $1\dbl_z[0:0]
    48/50: $1\resid_chk[0:0]
    49/50: $1\mode[0:0]
    50/50: $1\coord[1:0]
Creating decoders for process `$paramod$88d5efff5ea4ed3f4dc036b654af2da8e0760030\cordic_post.$proc$cordic_post.sv:0$291'.
     1/2: $2\pack$func$cordic_post.sv:151$237.$result[8:0]$301
     2/2: $1\pack$func$cordic_post.sv:151$237.$result[8:0]$299
Creating decoders for process `$paramod$88d5efff5ea4ed3f4dc036b654af2da8e0760030\cordic_post.$proc$cordic_post.sv:0$280'.
     1/2: $2\pack$func$cordic_post.sv:150$236.$result[8:0]$290
     2/2: $1\pack$func$cordic_post.sv:150$236.$result[8:0]$288
Creating decoders for process `$paramod$88d5efff5ea4ed3f4dc036b654af2da8e0760030\cordic_post.$proc$cordic_post.sv:0$269'.
     1/2: $2\pack$func$cordic_post.sv:149$235.$result[8:0]$279
     2/2: $1\pack$func$cordic_post.sv:149$235.$result[8:0]$277
Creating decoders for process `$paramod$88d5efff5ea4ed3f4dc036b654af2da8e0760030\cordic_post.$proc$cordic_post.sv:0$268'.
     1/12: $2\flags_o[3:0] [3]
     2/12: $2\flags_o[3:0] [2]
     3/12: $2\flags_o[3:0] [1]
     4/12: $2\flags_o[3:0] [0]
     5/12: $2\z_o[7:0]
     6/12: $2\y_o[7:0]
     7/12: $2\x_o[7:0]
     8/12: $1\flags_o[3:0] [3:1]
     9/12: $1\flags_o[3:0] [0]
    10/12: $1\z_o[7:0]
    11/12: $1\y_o[7:0]
    12/12: $1\x_o[7:0]
Creating decoders for process `$paramod$88d5efff5ea4ed3f4dc036b654af2da8e0760030\cordic_post.$proc$cordic_post.sv:0$262'.
     1/1: $1\z_corr[13:0]
Creating decoders for process `$paramod$88d5efff5ea4ed3f4dc036b654af2da8e0760030\cordic_post.$proc$cordic_post.sv:0$238'.
Creating decoders for process `$paramod$4bd8633b1a71c7555a354b0e88fbd5ae2933d1fe\cordic_core_iter.$proc$cordic_core_iter.sv:223$221'.
Creating decoders for process `$paramod$4bd8633b1a71c7555a354b0e88fbd5ae2933d1fe\cordic_core_iter.$proc$cordic_core_iter.sv:210$219'.
     1/2: $0\cnt_q[2:0]
     2/2: $0\state_q[1:0]
Creating decoders for process `$paramod$4bd8633b1a71c7555a354b0e88fbd5ae2933d1fe\cordic_core_iter.$proc$cordic_core_iter.sv:0$216'.
     1/13: $4\state_d[1:0]
     2/13: $2\cnt_d[2:0]
     3/13: $1\ar_d[21:0]
     4/13: $2\zr_d[13:0]
     5/13: $2\yr_d[13:0]
     6/13: $2\xr_d[13:0]
     7/13: $3\state_d[1:0]
     8/13: $2\state_d[1:0]
     9/13: $1\state_d[1:0]
    10/13: $1\cnt_d[2:0]
    11/13: $1\zr_d[13:0]
    12/13: $1\yr_d[13:0]
    13/13: $1\xr_d[13:0]
Creating decoders for process `$paramod$4bd8633b1a71c7555a354b0e88fbd5ae2933d1fe\cordic_core_iter.$proc$cordic_core_iter.sv:0$208'.
     1/2: $1\angle_sel[13:0]
     2/2: $1\shift_sel[5:0]
Creating decoders for process `$paramod$4bd8633b1a71c7555a354b0e88fbd5ae2933d1fe\cordic_core_iter.$proc$cordic_core_iter.sv:0$201'.
     1/20: $5\shift_hyp_sel[5:0]
     2/20: $5\angle_hyp_sel[13:0]
     3/20: $5\angle_lin_sel[13:0]
     4/20: $5\angle_circ_sel[13:0]
     5/20: $4\shift_hyp_sel[5:0]
     6/20: $4\angle_hyp_sel[13:0]
     7/20: $4\angle_lin_sel[13:0]
     8/20: $4\angle_circ_sel[13:0]
     9/20: $3\shift_hyp_sel[5:0]
    10/20: $3\angle_hyp_sel[13:0]
    11/20: $3\angle_lin_sel[13:0]
    12/20: $3\angle_circ_sel[13:0]
    13/20: $2\shift_hyp_sel[5:0]
    14/20: $2\angle_hyp_sel[13:0]
    15/20: $2\angle_lin_sel[13:0]
    16/20: $2\angle_circ_sel[13:0]
    17/20: $1\shift_hyp_sel[5:0]
    18/20: $1\angle_hyp_sel[13:0]
    19/20: $1\angle_lin_sel[13:0]
    20/20: $1\angle_circ_sel[13:0]

9.3.8. Executing PROC_DLATCH pass (convert process syncs to latches).
No latch inferred for signal `$paramod\cordic_stage\Width=32'00000000000000000000000000001110.\x_o' from process `$paramod\cordic_stage\Width=32'00000000000000000000000000001110.$proc$cordic_stage.sv:0$533'.
No latch inferred for signal `$paramod$4bd8633b1a71c7555a354b0e88fbd5ae2933d1fe\cordic_core_pipe.\gen_stage[4].x_sh' from process `$paramod$4bd8633b1a71c7555a354b0e88fbd5ae2933d1fe\cordic_core_pipe.$proc$cordic_core_pipe.sv:0$519'.
No latch inferred for signal `$paramod$4bd8633b1a71c7555a354b0e88fbd5ae2933d1fe\cordic_core_pipe.\gen_stage[4].y_sh' from process `$paramod$4bd8633b1a71c7555a354b0e88fbd5ae2933d1fe\cordic_core_pipe.$proc$cordic_core_pipe.sv:0$519'.
No latch inferred for signal `$paramod$4bd8633b1a71c7555a354b0e88fbd5ae2933d1fe\cordic_core_pipe.\gen_stage[4].angle' from process `$paramod$4bd8633b1a71c7555a354b0e88fbd5ae2933d1fe\cordic_core_pipe.$proc$cordic_core_pipe.sv:0$519'.
No latch inferred for signal `$paramod$4bd8633b1a71c7555a354b0e88fbd5ae2933d1fe\cordic_core_pipe.\gen_stage[3].x_sh' from process `$paramod$4bd8633b1a71c7555a354b0e88fbd5ae2933d1fe\cordic_core_pipe.$proc$cordic_core_pipe.sv:0$508'.
No latch inferred for signal `$paramod$4bd8633b1a71c7555a354b0e88fbd5ae2933d1fe\cordic_core_pipe.\gen_stage[3].y_sh' from process `$paramod$4bd8633b1a71c7555a354b0e88fbd5ae2933d1fe\cordic_core_pipe.$proc$cordic_core_pipe.sv:0$508'.
No latch inferred for signal `$paramod$4bd8633b1a71c7555a354b0e88fbd5ae2933d1fe\cordic_core_pipe.\gen_stage[3].angle' from process `$paramod$4bd8633b1a71c7555a354b0e88fbd5ae2933d1fe\cordic_core_pipe.$proc$cordic_core_pipe.sv:0$508'.
No latch inferred for signal `$paramod$4bd8633b1a71c7555a354b0e88fbd5ae2933d1fe\cordic_core_pipe.\gen_stage[2].x_sh' from process `$paramod$4bd8633b1a71c7555a354b0e88fbd5ae2933d1fe\cordic_core_pipe.$proc$cordic_core_pipe.sv:0$497'.
No latch inferred for signal `$paramod$4bd8633b1a71c7555a354b0e88fbd5ae2933d1fe\cordic_core_pipe.\gen_stage[2].y_sh' from process `$paramod$4bd8633b1a71c7555a354b0e88fbd5ae2933d1fe\cordic_core_pipe.$proc$cordic_core_pipe.sv:0$497'.
No latch inferred for signal `$paramod$4bd8633b1a71c7555a354b0e88fbd5ae2933d1fe\cordic_core_pipe.\gen_stage[2].angle' from process `$paramod$4bd8633b1a71c7555a354b0e88fbd5ae2933d1fe\cordic_core_pipe.$proc$cordic_core_pipe.sv:0$497'.
No latch inferred for signal `$paramod$4bd8633b1a71c7555a354b0e88fbd5ae2933d1fe\cordic_core_pipe.\gen_stage[1].x_sh' from process `$paramod$4bd8633b1a71c7555a354b0e88fbd5ae2933d1fe\cordic_core_pipe.$proc$cordic_core_pipe.sv:0$486'.
No latch inferred for signal `$paramod$4bd8633b1a71c7555a354b0e88fbd5ae2933d1fe\cordic_core_pipe.\gen_stage[1].y_sh' from process `$paramod$4bd8633b1a71c7555a354b0e88fbd5ae2933d1fe\cordic_core_pipe.$proc$cordic_core_pipe.sv:0$486'.
No latch inferred for signal `$paramod$4bd8633b1a71c7555a354b0e88fbd5ae2933d1fe\cordic_core_pipe.\gen_stage[1].angle' from process `$paramod$4bd8633b1a71c7555a354b0e88fbd5ae2933d1fe\cordic_core_pipe.$proc$cordic_core_pipe.sv:0$486'.
No latch inferred for signal `$paramod$4bd8633b1a71c7555a354b0e88fbd5ae2933d1fe\cordic_core_pipe.\gen_stage[0].x_sh' from process `$paramod$4bd8633b1a71c7555a354b0e88fbd5ae2933d1fe\cordic_core_pipe.$proc$cordic_core_pipe.sv:0$475'.
No latch inferred for signal `$paramod$4bd8633b1a71c7555a354b0e88fbd5ae2933d1fe\cordic_core_pipe.\gen_stage[0].y_sh' from process `$paramod$4bd8633b1a71c7555a354b0e88fbd5ae2933d1fe\cordic_core_pipe.$proc$cordic_core_pipe.sv:0$475'.
No latch inferred for signal `$paramod$4bd8633b1a71c7555a354b0e88fbd5ae2933d1fe\cordic_core_pipe.\gen_stage[0].angle' from process `$paramod$4bd8633b1a71c7555a354b0e88fbd5ae2933d1fe\cordic_core_pipe.$proc$cordic_core_pipe.sv:0$475'.
No latch inferred for signal `$paramod$801fe539f75c768c502eaedc222877d9a728ec18\cordic_pre.\widen$func$cordic_pre.sv:94$319.$result' from process `$paramod$801fe539f75c768c502eaedc222877d9a728ec18\cordic_pre.$proc$cordic_pre.sv:0$396'.
No latch inferred for signal `$paramod$801fe539f75c768c502eaedc222877d9a728ec18\cordic_pre.\widen$func$cordic_pre.sv:94$325.$result' from process `$paramod$801fe539f75c768c502eaedc222877d9a728ec18\cordic_pre.$proc$cordic_pre.sv:0$396'.
No latch inferred for signal `$paramod$801fe539f75c768c502eaedc222877d9a728ec18\cordic_pre.\widen$func$cordic_pre.sv:94$325.v' from process `$paramod$801fe539f75c768c502eaedc222877d9a728ec18\cordic_pre.$proc$cordic_pre.sv:0$396'.
No latch inferred for signal `$paramod$801fe539f75c768c502eaedc222877d9a728ec18\cordic_pre.\widen$func$cordic_pre.sv:93$318.$result' from process `$paramod$801fe539f75c768c502eaedc222877d9a728ec18\cordic_pre.$proc$cordic_pre.sv:0$392'.
No latch inferred for signal `$paramod$801fe539f75c768c502eaedc222877d9a728ec18\cordic_pre.\widen$func$cordic_pre.sv:93$324.$result' from process `$paramod$801fe539f75c768c502eaedc222877d9a728ec18\cordic_pre.$proc$cordic_pre.sv:0$392'.
No latch inferred for signal `$paramod$801fe539f75c768c502eaedc222877d9a728ec18\cordic_pre.\widen$func$cordic_pre.sv:93$324.v' from process `$paramod$801fe539f75c768c502eaedc222877d9a728ec18\cordic_pre.$proc$cordic_pre.sv:0$392'.
No latch inferred for signal `$paramod$801fe539f75c768c502eaedc222877d9a728ec18\cordic_pre.\widen$func$cordic_pre.sv:92$317.$result' from process `$paramod$801fe539f75c768c502eaedc222877d9a728ec18\cordic_pre.$proc$cordic_pre.sv:0$388'.
No latch inferred for signal `$paramod$801fe539f75c768c502eaedc222877d9a728ec18\cordic_pre.\widen$func$cordic_pre.sv:92$323.$result' from process `$paramod$801fe539f75c768c502eaedc222877d9a728ec18\cordic_pre.$proc$cordic_pre.sv:0$388'.
No latch inferred for signal `$paramod$801fe539f75c768c502eaedc222877d9a728ec18\cordic_pre.\widen$func$cordic_pre.sv:92$323.v' from process `$paramod$801fe539f75c768c502eaedc222877d9a728ec18\cordic_pre.$proc$cordic_pre.sv:0$388'.
No latch inferred for signal `$paramod$801fe539f75c768c502eaedc222877d9a728ec18\cordic_pre.\attr_o' from process `$paramod$801fe539f75c768c502eaedc222877d9a728ec18\cordic_pre.$proc$cordic_pre.sv:0$387'.
No latch inferred for signal `$paramod$801fe539f75c768c502eaedc222877d9a728ec18\cordic_pre.\coord' from process `$paramod$801fe539f75c768c502eaedc222877d9a728ec18\cordic_pre.$proc$cordic_pre.sv:0$326'.
No latch inferred for signal `$paramod$801fe539f75c768c502eaedc222877d9a728ec18\cordic_pre.\mode' from process `$paramod$801fe539f75c768c502eaedc222877d9a728ec18\cordic_pre.$proc$cordic_pre.sv:0$326'.
No latch inferred for signal `$paramod$801fe539f75c768c502eaedc222877d9a728ec18\cordic_pre.\resid_chk' from process `$paramod$801fe539f75c768c502eaedc222877d9a728ec18\cordic_pre.$proc$cordic_pre.sv:0$326'.
No latch inferred for signal `$paramod$801fe539f75c768c502eaedc222877d9a728ec18\cordic_pre.\dbl_z' from process `$paramod$801fe539f75c768c502eaedc222877d9a728ec18\cordic_pre.$proc$cordic_pre.sv:0$326'.
No latch inferred for signal `$paramod$801fe539f75c768c502eaedc222877d9a728ec18\cordic_pre.\zero_res' from process `$paramod$801fe539f75c768c502eaedc222877d9a728ec18\cordic_pre.$proc$cordic_pre.sv:0$326'.
No latch inferred for signal `$paramod$801fe539f75c768c502eaedc222877d9a728ec18\cordic_pre.\pi_ctl' from process `$paramod$801fe539f75c768c502eaedc222877d9a728ec18\cordic_pre.$proc$cordic_pre.sv:0$326'.
No latch inferred for signal `$paramod$801fe539f75c768c502eaedc222877d9a728ec18\cordic_pre.\dom_err' from process `$paramod$801fe539f75c768c502eaedc222877d9a728ec18\cordic_pre.$proc$cordic_pre.sv:0$326'.
No latch inferred for signal `$paramod$801fe539f75c768c502eaedc222877d9a728ec18\cordic_pre.\x0' from process `$paramod$801fe539f75c768c502eaedc222877d9a728ec18\cordic_pre.$proc$cordic_pre.sv:0$326'.
No latch inferred for signal `$paramod$801fe539f75c768c502eaedc222877d9a728ec18\cordic_pre.\y0' from process `$paramod$801fe539f75c768c502eaedc222877d9a728ec18\cordic_pre.$proc$cordic_pre.sv:0$326'.
No latch inferred for signal `$paramod$801fe539f75c768c502eaedc222877d9a728ec18\cordic_pre.\z0' from process `$paramod$801fe539f75c768c502eaedc222877d9a728ec18\cordic_pre.$proc$cordic_pre.sv:0$326'.
No latch inferred for signal `$paramod$801fe539f75c768c502eaedc222877d9a728ec18\cordic_pre.\absv$func$cordic_pre.sv:239$320.$result' from process `$paramod$801fe539f75c768c502eaedc222877d9a728ec18\cordic_pre.$proc$cordic_pre.sv:0$326'.
No latch inferred for signal `$paramod$801fe539f75c768c502eaedc222877d9a728ec18\cordic_pre.\absv$func$cordic_pre.sv:239$320.v' from process `$paramod$801fe539f75c768c502eaedc222877d9a728ec18\cordic_pre.$proc$cordic_pre.sv:0$326'.
No latch inferred for signal `$paramod$801fe539f75c768c502eaedc222877d9a728ec18\cordic_pre.\absv$func$cordic_pre.sv:241$321.$result' from process `$paramod$801fe539f75c768c502eaedc222877d9a728ec18\cordic_pre.$proc$cordic_pre.sv:0$326'.
No latch inferred for signal `$paramod$801fe539f75c768c502eaedc222877d9a728ec18\cordic_pre.\absv$func$cordic_pre.sv:241$321.v' from process `$paramod$801fe539f75c768c502eaedc222877d9a728ec18\cordic_pre.$proc$cordic_pre.sv:0$326'.
No latch inferred for signal `$paramod$801fe539f75c768c502eaedc222877d9a728ec18\cordic_pre.\absv$func$cordic_pre.sv:242$322.$result' from process `$paramod$801fe539f75c768c502eaedc222877d9a728ec18\cordic_pre.$proc$cordic_pre.sv:0$326'.
No latch inferred for signal `$paramod$801fe539f75c768c502eaedc222877d9a728ec18\cordic_pre.\absv$func$cordic_pre.sv:242$322.v' from process `$paramod$801fe539f75c768c502eaedc222877d9a728ec18\cordic_pre.$proc$cordic_pre.sv:0$326'.
No latch inferred for signal `$paramod$88d5efff5ea4ed3f4dc036b654af2da8e0760030\cordic_post.\pack$func$cordic_post.sv:151$234.$result' from process `$paramod$88d5efff5ea4ed3f4dc036b654af2da8e0760030\cordic_post.$proc$cordic_post.sv:0$291'.
No latch inferred for signal `$paramod$88d5efff5ea4ed3f4dc036b654af2da8e0760030\cordic_post.\pack$func$cordic_post.sv:151$237.$result' from process `$paramod$88d5efff5ea4ed3f4dc036b654af2da8e0760030\cordic_post.$proc$cordic_post.sv:0$291'.
No latch inferred for signal `$paramod$88d5efff5ea4ed3f4dc036b654af2da8e0760030\cordic_post.\pack$func$cordic_post.sv:151$237.v' from process `$paramod$88d5efff5ea4ed3f4dc036b654af2da8e0760030\cordic_post.$proc$cordic_post.sv:0$291'.
No latch inferred for signal `$paramod$88d5efff5ea4ed3f4dc036b654af2da8e0760030\cordic_post.\pack$func$cordic_post.sv:151$237.r' from process `$paramod$88d5efff5ea4ed3f4dc036b654af2da8e0760030\cordic_post.$proc$cordic_post.sv:0$291'.
No latch inferred for signal `$paramod$88d5efff5ea4ed3f4dc036b654af2da8e0760030\cordic_post.\pack$func$cordic_post.sv:150$233.$result' from process `$paramod$88d5efff5ea4ed3f4dc036b654af2da8e0760030\cordic_post.$proc$cordic_post.sv:0$280'.
No latch inferred for signal `$paramod$88d5efff5ea4ed3f4dc036b654af2da8e0760030\cordic_post.\pack$func$cordic_post.sv:150$236.$result' from process `$paramod$88d5efff5ea4ed3f4dc036b654af2da8e0760030\cordic_post.$proc$cordic_post.sv:0$280'.
No latch inferred for signal `$paramod$88d5efff5ea4ed3f4dc036b654af2da8e0760030\cordic_post.\pack$func$cordic_post.sv:150$236.v' from process `$paramod$88d5efff5ea4ed3f4dc036b654af2da8e0760030\cordic_post.$proc$cordic_post.sv:0$280'.
No latch inferred for signal `$paramod$88d5efff5ea4ed3f4dc036b654af2da8e0760030\cordic_post.\pack$func$cordic_post.sv:150$236.r' from process `$paramod$88d5efff5ea4ed3f4dc036b654af2da8e0760030\cordic_post.$proc$cordic_post.sv:0$280'.
No latch inferred for signal `$paramod$88d5efff5ea4ed3f4dc036b654af2da8e0760030\cordic_post.\pack$func$cordic_post.sv:149$232.$result' from process `$paramod$88d5efff5ea4ed3f4dc036b654af2da8e0760030\cordic_post.$proc$cordic_post.sv:0$269'.
No latch inferred for signal `$paramod$88d5efff5ea4ed3f4dc036b654af2da8e0760030\cordic_post.\pack$func$cordic_post.sv:149$235.$result' from process `$paramod$88d5efff5ea4ed3f4dc036b654af2da8e0760030\cordic_post.$proc$cordic_post.sv:0$269'.
No latch inferred for signal `$paramod$88d5efff5ea4ed3f4dc036b654af2da8e0760030\cordic_post.\pack$func$cordic_post.sv:149$235.v' from process `$paramod$88d5efff5ea4ed3f4dc036b654af2da8e0760030\cordic_post.$proc$cordic_post.sv:0$269'.
No latch inferred for signal `$paramod$88d5efff5ea4ed3f4dc036b654af2da8e0760030\cordic_post.\pack$func$cordic_post.sv:149$235.r' from process `$paramod$88d5efff5ea4ed3f4dc036b654af2da8e0760030\cordic_post.$proc$cordic_post.sv:0$269'.
No latch inferred for signal `$paramod$88d5efff5ea4ed3f4dc036b654af2da8e0760030\cordic_post.\x_o' from process `$paramod$88d5efff5ea4ed3f4dc036b654af2da8e0760030\cordic_post.$proc$cordic_post.sv:0$268'.
No latch inferred for signal `$paramod$88d5efff5ea4ed3f4dc036b654af2da8e0760030\cordic_post.\y_o' from process `$paramod$88d5efff5ea4ed3f4dc036b654af2da8e0760030\cordic_post.$proc$cordic_post.sv:0$268'.
No latch inferred for signal `$paramod$88d5efff5ea4ed3f4dc036b654af2da8e0760030\cordic_post.\z_o' from process `$paramod$88d5efff5ea4ed3f4dc036b654af2da8e0760030\cordic_post.$proc$cordic_post.sv:0$268'.
No latch inferred for signal `$paramod$88d5efff5ea4ed3f4dc036b654af2da8e0760030\cordic_post.\flags_o' from process `$paramod$88d5efff5ea4ed3f4dc036b654af2da8e0760030\cordic_post.$proc$cordic_post.sv:0$268'.
No latch inferred for signal `$paramod$88d5efff5ea4ed3f4dc036b654af2da8e0760030\cordic_post.\z_corr' from process `$paramod$88d5efff5ea4ed3f4dc036b654af2da8e0760030\cordic_post.$proc$cordic_post.sv:0$262'.
No latch inferred for signal `$paramod$88d5efff5ea4ed3f4dc036b654af2da8e0760030\cordic_post.\z_final' from process `$paramod$88d5efff5ea4ed3f4dc036b654af2da8e0760030\cordic_post.$proc$cordic_post.sv:0$262'.
No latch inferred for signal `$paramod$88d5efff5ea4ed3f4dc036b654af2da8e0760030\cordic_post.\resid_thresh' from process `$paramod$88d5efff5ea4ed3f4dc036b654af2da8e0760030\cordic_post.$proc$cordic_post.sv:0$238'.
No latch inferred for signal `$paramod$88d5efff5ea4ed3f4dc036b654af2da8e0760030\cordic_post.\dom_resid' from process `$paramod$88d5efff5ea4ed3f4dc036b654af2da8e0760030\cordic_post.$proc$cordic_post.sv:0$238'.
No latch inferred for signal `$paramod$88d5efff5ea4ed3f4dc036b654af2da8e0760030\cordic_post.\absv$func$cordic_post.sv:107$229.$result' from process `$paramod$88d5efff5ea4ed3f4dc036b654af2da8e0760030\cordic_post.$proc$cordic_post.sv:0$238'.
No latch inferred for signal `$paramod$88d5efff5ea4ed3f4dc036b654af2da8e0760030\cordic_post.\absv$func$cordic_post.sv:107$229.v' from process `$paramod$88d5efff5ea4ed3f4dc036b654af2da8e0760030\cordic_post.$proc$cordic_post.sv:0$238'.
No latch inferred for signal `$paramod$88d5efff5ea4ed3f4dc036b654af2da8e0760030\cordic_post.\absv$func$cordic_post.sv:108$230.$result' from process `$paramod$88d5efff5ea4ed3f4dc036b654af2da8e0760030\cordic_post.$proc$cordic_post.sv:0$238'.
No latch inferred for signal `$paramod$88d5efff5ea4ed3f4dc036b654af2da8e0760030\cordic_post.\absv$func$cordic_post.sv:108$230.v' from process `$paramod$88d5efff5ea4ed3f4dc036b654af2da8e0760030\cordic_post.$proc$cordic_post.sv:0$238'.
No latch inferred for signal `$paramod$88d5efff5ea4ed3f4dc036b654af2da8e0760030\cordic_post.\absv$func$cordic_post.sv:110$231.$result' from process `$paramod$88d5efff5ea4ed3f4dc036b654af2da8e0760030\cordic_post.$proc$cordic_post.sv:0$238'.
No latch inferred for signal `$paramod$88d5efff5ea4ed3f4dc036b654af2da8e0760030\cordic_post.\absv$func$cordic_post.sv:110$231.v' from process `$paramod$88d5efff5ea4ed3f4dc036b654af2da8e0760030\cordic_post.$proc$cordic_post.sv:0$238'.
No latch inferred for signal `$paramod$4bd8633b1a71c7555a354b0e88fbd5ae2933d1fe\cordic_core_iter.\state_d' from process `$paramod$4bd8633b1a71c7555a354b0e88fbd5ae2933d1fe\cordic_core_iter.$proc$cordic_core_iter.sv:0$216'.
No latch inferred for signal `$paramod$4bd8633b1a71c7555a354b0e88fbd5ae2933d1fe\cordic_core_iter.\cnt_d' from process `$paramod$4bd8633b1a71c7555a354b0e88fbd5ae2933d1fe\cordic_core_iter.$proc$cordic_core_iter.sv:0$216'.
No latch inferred for signal `$paramod$4bd8633b1a71c7555a354b0e88fbd5ae2933d1fe\cordic_core_iter.\xr_d' from process `$paramod$4bd8633b1a71c7555a354b0e88fbd5ae2933d1fe\cordic_core_iter.$proc$cordic_core_iter.sv:0$216'.
No latch inferred for signal `$paramod$4bd8633b1a71c7555a354b0e88fbd5ae2933d1fe\cordic_core_iter.\yr_d' from process `$paramod$4bd8633b1a71c7555a354b0e88fbd5ae2933d1fe\cordic_core_iter.$proc$cordic_core_iter.sv:0$216'.
No latch inferred for signal `$paramod$4bd8633b1a71c7555a354b0e88fbd5ae2933d1fe\cordic_core_iter.\zr_d' from process `$paramod$4bd8633b1a71c7555a354b0e88fbd5ae2933d1fe\cordic_core_iter.$proc$cordic_core_iter.sv:0$216'.
No latch inferred for signal `$paramod$4bd8633b1a71c7555a354b0e88fbd5ae2933d1fe\cordic_core_iter.\ar_d' from process `$paramod$4bd8633b1a71c7555a354b0e88fbd5ae2933d1fe\cordic_core_iter.$proc$cordic_core_iter.sv:0$216'.
No latch inferred for signal `$paramod$4bd8633b1a71c7555a354b0e88fbd5ae2933d1fe\cordic_core_iter.\shift_sel' from process `$paramod$4bd8633b1a71c7555a354b0e88fbd5ae2933d1fe\cordic_core_iter.$proc$cordic_core_iter.sv:0$208'.
No latch inferred for signal `$paramod$4bd8633b1a71c7555a354b0e88fbd5ae2933d1fe\cordic_core_iter.\angle_sel' from process `$paramod$4bd8633b1a71c7555a354b0e88fbd5ae2933d1fe\cordic_core_iter.$proc$cordic_core_iter.sv:0$208'.
No latch inferred for signal `$paramod$4bd8633b1a71c7555a354b0e88fbd5ae2933d1fe\cordic_core_iter.\angle_circ_sel' from process `$paramod$4bd8633b1a71c7555a354b0e88fbd5ae2933d1fe\cordic_core_iter.$proc$cordic_core_iter.sv:0$201'.
No latch inferred for signal `$paramod$4bd8633b1a71c7555a354b0e88fbd5ae2933d1fe\cordic_core_iter.\angle_lin_sel' from process `$paramod$4bd8633b1a71c7555a354b0e88fbd5ae2933d1fe\cordic_core_iter.$proc$cordic_core_iter.sv:0$201'.
No latch inferred for signal `$paramod$4bd8633b1a71c7555a354b0e88fbd5ae2933d1fe\cordic_core_iter.\angle_hyp_sel' from process `$paramod$4bd8633b1a71c7555a354b0e88fbd5ae2933d1fe\cordic_core_iter.$proc$cordic_core_iter.sv:0$201'.
No latch inferred for signal `$paramod$4bd8633b1a71c7555a354b0e88fbd5ae2933d1fe\cordic_core_iter.\shift_hyp_sel' from process `$paramod$4bd8633b1a71c7555a354b0e88fbd5ae2933d1fe\cordic_core_iter.$proc$cordic_core_iter.sv:0$201'.
No latch inferred for signal `$paramod$4bd8633b1a71c7555a354b0e88fbd5ae2933d1fe\cordic_core_iter.$fordecl_block$3.s' from process `$paramod$4bd8633b1a71c7555a354b0e88fbd5ae2933d1fe\cordic_core_iter.$proc$cordic_core_iter.sv:0$201'.

9.3.9. Executing PROC_DFF pass (convert process syncs to FFs).
Creating register for signal `\cordic_equiv_miter.$formal$cordic_equiv_miter.sv:165$75_CHECK' using process `\cordic_equiv_miter.$proc$cordic_equiv_miter.sv:163$109'.
  created $dff cell `$procdff$1331' with positive edge clock.
Creating register for signal `\cordic_equiv_miter.$formal$cordic_equiv_miter.sv:165$75_EN' using process `\cordic_equiv_miter.$proc$cordic_equiv_miter.sv:163$109'.
  created $dff cell `$procdff$1332' with positive edge clock.
Creating register for signal `\cordic_equiv_miter.$formal$cordic_equiv_miter.sv:166$76_CHECK' using process `\cordic_equiv_miter.$proc$cordic_equiv_miter.sv:163$109'.
  created $dff cell `$procdff$1333' with positive edge clock.
Creating register for signal `\cordic_equiv_miter.$formal$cordic_equiv_miter.sv:166$76_EN' using process `\cordic_equiv_miter.$proc$cordic_equiv_miter.sv:163$109'.
  created $dff cell `$procdff$1334' with positive edge clock.
Creating register for signal `\cordic_equiv_miter.$formal$cordic_equiv_miter.sv:151$69_CHECK' using process `\cordic_equiv_miter.$proc$cordic_equiv_miter.sv:149$89'.
  created $dff cell `$procdff$1335' with positive edge clock.
Creating register for signal `\cordic_equiv_miter.$formal$cordic_equiv_miter.sv:151$69_EN' using process `\cordic_equiv_miter.$proc$cordic_equiv_miter.sv:149$89'.
  created $dff cell `$procdff$1336' with positive edge clock.
Creating register for signal `\cordic_equiv_miter.$formal$cordic_equiv_miter.sv:152$70_CHECK' using process `\cordic_equiv_miter.$proc$cordic_equiv_miter.sv:149$89'.
  created $dff cell `$procdff$1337' with positive edge clock.
Creating register for signal `\cordic_equiv_miter.$formal$cordic_equiv_miter.sv:152$70_EN' using process `\cordic_equiv_miter.$proc$cordic_equiv_miter.sv:149$89'.
  created $dff cell `$procdff$1338' with positive edge clock.
Creating register for signal `\cordic_equiv_miter.$formal$cordic_equiv_miter.sv:153$71_CHECK' using process `\cordic_equiv_miter.$proc$cordic_equiv_miter.sv:149$89'.
  created $dff cell `$procdff$1339' with positive edge clock.
Creating register for signal `\cordic_equiv_miter.$formal$cordic_equiv_miter.sv:153$71_EN' using process `\cordic_equiv_miter.$proc$cordic_equiv_miter.sv:149$89'.
  created $dff cell `$procdff$1340' with positive edge clock.
Creating register for signal `\cordic_equiv_miter.$formal$cordic_equiv_miter.sv:154$72_CHECK' using process `\cordic_equiv_miter.$proc$cordic_equiv_miter.sv:149$89'.
  created $dff cell `$procdff$1341' with positive edge clock.
Creating register for signal `\cordic_equiv_miter.$formal$cordic_equiv_miter.sv:154$72_EN' using process `\cordic_equiv_miter.$proc$cordic_equiv_miter.sv:149$89'.
  created $dff cell `$procdff$1342' with positive edge clock.
Creating register for signal `\cordic_equiv_miter.$formal$cordic_equiv_miter.sv:155$73_CHECK' using process `\cordic_equiv_miter.$proc$cordic_equiv_miter.sv:149$89'.
  created $dff cell `$procdff$1343' with positive edge clock.
Creating register for signal `\cordic_equiv_miter.$formal$cordic_equiv_miter.sv:155$73_EN' using process `\cordic_equiv_miter.$proc$cordic_equiv_miter.sv:149$89'.
  created $dff cell `$procdff$1344' with positive edge clock.
Creating register for signal `\cordic_equiv_miter.$formal$cordic_equiv_miter.sv:156$74_CHECK' using process `\cordic_equiv_miter.$proc$cordic_equiv_miter.sv:149$89'.
  created $dff cell `$procdff$1345' with positive edge clock.
Creating register for signal `\cordic_equiv_miter.$formal$cordic_equiv_miter.sv:156$74_EN' using process `\cordic_equiv_miter.$proc$cordic_equiv_miter.sv:149$89'.
  created $dff cell `$procdff$1346' with positive edge clock.
Creating register for signal `\cordic_equiv_miter.\p_cx' using process `\cordic_equiv_miter.$proc$cordic_equiv_miter.sv:123$85'.
  created $dff cell `$procdff$1347' with positive edge clock.
Creating register for signal `\cordic_equiv_miter.\p_cy' using process `\cordic_equiv_miter.$proc$cordic_equiv_miter.sv:123$85'.
  created $dff cell `$procdff$1348' with positive edge clock.
Creating register for signal `\cordic_equiv_miter.\p_cz' using process `\cordic_equiv_miter.$proc$cordic_equiv_miter.sv:123$85'.
  created $dff cell `$procdff$1349' with positive edge clock.
Creating register for signal `\cordic_equiv_miter.\i_cx' using process `\cordic_equiv_miter.$proc$cordic_equiv_miter.sv:123$85'.
  created $dff cell `$procdff$1350' with positive edge clock.
Creating register for signal `\cordic_equiv_miter.\i_cy' using process `\cordic_equiv_miter.$proc$cordic_equiv_miter.sv:123$85'.
  created $dff cell `$procdff$1351' with positive edge clock.
Creating register for signal `\cordic_equiv_miter.\i_cz' using process `\cordic_equiv_miter.$proc$cordic_equiv_miter.sv:123$85'.
  created $dff cell `$procdff$1352' with positive edge clock.
Creating register for signal `\cordic_equiv_miter.\p_cf' using process `\cordic_equiv_miter.$proc$cordic_equiv_miter.sv:123$85'.
  created $dff cell `$procdff$1353' with positive edge clock.
Creating register for signal `\cordic_equiv_miter.\i_cf' using process `\cordic_equiv_miter.$proc$cordic_equiv_miter.sv:123$85'.
  created $dff cell `$procdff$1354' with positive edge clock.
Creating register for signal `\cordic_equiv_miter.\p_cfn' using process `\cordic_equiv_miter.$proc$cordic_equiv_miter.sv:123$85'.
  created $dff cell `$procdff$1355' with positive edge clock.
Creating register for signal `\cordic_equiv_miter.\i_cfn' using process `\cordic_equiv_miter.$proc$cordic_equiv_miter.sv:123$85'.
  created $dff cell `$procdff$1356' with positive edge clock.
Creating register for signal `\cordic_equiv_miter.\p_ct' using process `\cordic_equiv_miter.$proc$cordic_equiv_miter.sv:123$85'.
  created $dff cell `$procdff$1357' with positive edge clock.
Creating register for signal `\cordic_equiv_miter.\i_ct' using process `\cordic_equiv_miter.$proc$cordic_equiv_miter.sv:123$85'.
  created $dff cell `$procdff$1358' with positive edge clock.
Creating register for signal `\cordic_equiv_miter.\p_cnt' using process `\cordic_equiv_miter.$proc$cordic_equiv_miter.sv:113$81'.
  created $adff cell `$procdff$1359' with positive edge clock and negative level reset.
Creating register for signal `\cordic_equiv_miter.\i_cnt' using process `\cordic_equiv_miter.$proc$cordic_equiv_miter.sv:113$81'.
  created $adff cell `$procdff$1360' with positive edge clock and negative level reset.
Creating register for signal `$paramod$4bd8633b1a71c7555a354b0e88fbd5ae2933d1fe\cordic_core_pipe.\xq [69:56]' using process `$paramod$4bd8633b1a71c7555a354b0e88fbd5ae2933d1fe\cordic_core_pipe.$proc$cordic_core_pipe.sv:159$528'.
  created $dff cell `$procdff$1361' with positive edge clock.
Creating register for signal `$paramod$4bd8633b1a71c7555a354b0e88fbd5ae2933d1fe\cordic_core_pipe.\yq [69:56]' using process `$paramod$4bd8633b1a71c7555a354b0e88fbd5ae2933d1fe\cordic_core_pipe.$proc$cordic_core_pipe.sv:159$528'.
  created $dff cell `$procdff$1362' with positive edge clock.
Creating register for signal `$paramod$4bd8633b1a71c7555a354b0e88fbd5ae2933d1fe\cordic_core_pipe.\zq [69:56]' using process `$paramod$4bd8633b1a71c7555a354b0e88fbd5ae2933d1fe\cordic_core_pipe.$proc$cordic_core_pipe.sv:159$528'.
  created $dff cell `$procdff$1363' with positive edge clock.
Creating register for signal `$paramod$4bd8633b1a71c7555a354b0e88fbd5ae2933d1fe\cordic_core_pipe.\aq [109:88]' using process `$paramod$4bd8633b1a71c7555a354b0e88fbd5ae2933d1fe\cordic_core_pipe.$proc$cordic_core_pipe.sv:159$528'.
  created $dff cell `$procdff$1364' with positive edge clock.
Creating register for signal `$paramod$4bd8633b1a71c7555a354b0e88fbd5ae2933d1fe\cordic_core_pipe.\vq [4]' using process `$paramod$4bd8633b1a71c7555a354b0e88fbd5ae2933d1fe\cordic_core_pipe.$proc$cordic_core_pipe.sv:146$526'.
  created $adff cell `$procdff$1365' with positive edge clock and negative level reset.
Creating register for signal `$paramod$4bd8633b1a71c7555a354b0e88fbd5ae2933d1fe\cordic_core_pipe.\xq [55:42]' using process `$paramod$4bd8633b1a71c7555a354b0e88fbd5ae2933d1fe\cordic_core_pipe.$proc$cordic_core_pipe.sv:159$517'.
  created $dff cell `$procdff$1366' with positive edge clock.
Creating register for signal `$paramod$4bd8633b1a71c7555a354b0e88fbd5ae2933d1fe\cordic_core_pipe.\yq [55:42]' using process `$paramod$4bd8633b1a71c7555a354b0e88fbd5ae2933d1fe\cordic_core_pipe.$proc$cordic_core_pipe.sv:159$517'.
  created $dff cell `$procdff$1367' with positive edge clock.
Creating register for signal `$paramod$4bd8633b1a71c7555a354b0e88fbd5ae2933d1fe\cordic_core_pipe.\zq [55:42]' using process `$paramod$4bd8633b1a71c7555a354b0e88fbd5ae2933d1fe\cordic_core_pipe.$proc$cordic_core_pipe.sv:159$517'.
  created $dff cell `$procdff$1368' with positive edge clock.
Creating register for signal `$paramod$4bd8633b1a71c7555a354b0e88fbd5ae2933d1fe\cordic_core_pipe.\aq [87:66]' using process `$paramod$4bd8633b1a71c7555a354b0e88fbd5ae2933d1fe\cordic_core_pipe.$proc$cordic_core_pipe.sv:159$517'.
  created $dff cell `$procdff$1369' with positive edge clock.
Creating register for signal `$paramod$4bd8633b1a71c7555a354b0e88fbd5ae2933d1fe\cordic_core_pipe.\vq [3]' using process `$paramod$4bd8633b1a71c7555a354b0e88fbd5ae2933d1fe\cordic_core_pipe.$proc$cordic_core_pipe.sv:146$515'.
  created $adff cell `$procdff$1370' with positive edge clock and negative level reset.
Creating register for signal `$paramod$4bd8633b1a71c7555a354b0e88fbd5ae2933d1fe\cordic_core_pipe.\xq [41:28]' using process `$paramod$4bd8633b1a71c7555a354b0e88fbd5ae2933d1fe\cordic_core_pipe.$proc$cordic_core_pipe.sv:159$506'.
  created $dff cell `$procdff$1371' with positive edge clock.
Creating register for signal `$paramod$4bd8633b1a71c7555a354b0e88fbd5ae2933d1fe\cordic_core_pipe.\yq [41:28]' using process `$paramod$4bd8633b1a71c7555a354b0e88fbd5ae2933d1fe\cordic_core_pipe.$proc$cordic_core_pipe.sv:159$506'.
  created $dff cell `$procdff$1372' with positive edge clock.
Creating register for signal `$paramod$4bd8633b1a71c7555a354b0e88fbd5ae2933d1fe\cordic_core_pipe.\zq [41:28]' using process `$paramod$4bd8633b1a71c7555a354b0e88fbd5ae2933d1fe\cordic_core_pipe.$proc$cordic_core_pipe.sv:159$506'.
  created $dff cell `$procdff$1373' with positive edge clock.
Creating register for signal `$paramod$4bd8633b1a71c7555a354b0e88fbd5ae2933d1fe\cordic_core_pipe.\aq [65:44]' using process `$paramod$4bd8633b1a71c7555a354b0e88fbd5ae2933d1fe\cordic_core_pipe.$proc$cordic_core_pipe.sv:159$506'.
  created $dff cell `$procdff$1374' with positive edge clock.
Creating register for signal `$paramod$4bd8633b1a71c7555a354b0e88fbd5ae2933d1fe\cordic_core_pipe.\vq [2]' using process `$paramod$4bd8633b1a71c7555a354b0e88fbd5ae2933d1fe\cordic_core_pipe.$proc$cordic_core_pipe.sv:146$504'.
  created $adff cell `$procdff$1375' with positive edge clock and negative level reset.
Creating register for signal `$paramod$4bd8633b1a71c7555a354b0e88fbd5ae2933d1fe\cordic_core_pipe.\xq [27:14]' using process `$paramod$4bd8633b1a71c7555a354b0e88fbd5ae2933d1fe\cordic_core_pipe.$proc$cordic_core_pipe.sv:159$495'.
  created $dff cell `$procdff$1376' with positive edge clock.
Creating register for signal `$paramod$4bd8633b1a71c7555a354b0e88fbd5ae2933d1fe\cordic_core_pipe.\yq [27:14]' using process `$paramod$4bd8633b1a71c7555a354b0e88fbd5ae2933d1fe\cordic_core_pipe.$proc$cordic_core_pipe.sv:159$495'.
  created $dff cell `$procdff$1377' with positive edge clock.
Creating register for signal `$paramod$4bd8633b1a71c7555a354b0e88fbd5ae2933d1fe\cordic_core_pipe.\zq [27:14]' using process `$paramod$4bd8633b1a71c7555a354b0e88fbd5ae2933d1fe\cordic_core_pipe.$proc$cordic_core_pipe.sv:159$495'.
  created $dff cell `$procdff$1378' with positive edge clock.
Creating register for signal `$paramod$4bd8633b1a71c7555a354b0e88fbd5ae2933d1fe\cordic_core_pipe.\aq [43:22]' using process `$paramod$4bd8633b1a71c7555a354b0e88fbd5ae2933d1fe\cordic_core_pipe.$proc$cordic_core_pipe.sv:159$495'.
  created $dff cell `$procdff$1379' with positive edge clock.
Creating register for signal `$paramod$4bd8633b1a71c7555a354b0e88fbd5ae2933d1fe\cordic_core_pipe.\vq [1]' using process `$paramod$4bd8633b1a71c7555a354b0e88fbd5ae2933d1fe\cordic_core_pipe.$proc$cordic_core_pipe.sv:146$493'.
  created $adff cell `$procdff$1380' with positive edge clock and negative level reset.
Creating register for signal `$paramod$4bd8633b1a71c7555a354b0e88fbd5ae2933d1fe\cordic_core_pipe.\xq [13:0]' using process `$paramod$4bd8633b1a71c7555a354b0e88fbd5ae2933d1fe\cordic_core_pipe.$proc$cordic_core_pipe.sv:159$484'.
  created $dff cell `$procdff$1381' with positive edge clock.
Creating register for signal `$paramod$4bd8633b1a71c7555a354b0e88fbd5ae2933d1fe\cordic_core_pipe.\yq [13:0]' using process `$paramod$4bd8633b1a71c7555a354b0e88fbd5ae2933d1fe\cordic_core_pipe.$proc$cordic_core_pipe.sv:159$484'.
  created $dff cell `$procdff$1382' with positive edge clock.
Creating register for signal `$paramod$4bd8633b1a71c7555a354b0e88fbd5ae2933d1fe\cordic_core_pipe.\zq [13:0]' using process `$paramod$4bd8633b1a71c7555a354b0e88fbd5ae2933d1fe\cordic_core_pipe.$proc$cordic_core_pipe.sv:159$484'.
  created $dff cell `$procdff$1383' with positive edge clock.
Creating register for signal `$paramod$4bd8633b1a71c7555a354b0e88fbd5ae2933d1fe\cordic_core_pipe.\aq [21:0]' using process `$paramod$4bd8633b1a71c7555a354b0e88fbd5ae2933d1fe\cordic_core_pipe.$proc$cordic_core_pipe.sv:159$484'.
  created $dff cell `$procdff$1384' with positive edge clock.
Creating register for signal `$paramod$4bd8633b1a71c7555a354b0e88fbd5ae2933d1fe\cordic_core_pipe.\vq [0]' using process `$paramod$4bd8633b1a71c7555a354b0e88fbd5ae2933d1fe\cordic_core_pipe.$proc$cordic_core_pipe.sv:146$482'.
  created $adff cell `$procdff$1385' with positive edge clock and negative level reset.
Creating register for signal `$paramod$4bd8633b1a71c7555a354b0e88fbd5ae2933d1fe\cordic_core_iter.\xr_q' using process `$paramod$4bd8633b1a71c7555a354b0e88fbd5ae2933d1fe\cordic_core_iter.$proc$cordic_core_iter.sv:223$221'.
  created $dff cell `$procdff$1386' with positive edge clock.
Creating register for signal `$paramod$4bd8633b1a71c7555a354b0e88fbd5ae2933d1fe\cordic_core_iter.\yr_q' using process `$paramod$4bd8633b1a71c7555a354b0e88fbd5ae2933d1fe\cordic_core_iter.$proc$cordic_core_iter.sv:223$221'.
  created $dff cell `$procdff$1387' with positive edge clock.
Creating register for signal `$paramod$4bd8633b1a71c7555a354b0e88fbd5ae2933d1fe\cordic_core_iter.\zr_q' using process `$paramod$4bd8633b1a71c7555a354b0e88fbd5ae2933d1fe\cordic_core_iter.$proc$cordic_core_iter.sv:223$221'.
  created $dff cell `$procdff$1388' with positive edge clock.
Creating register for signal `$paramod$4bd8633b1a71c7555a354b0e88fbd5ae2933d1fe\cordic_core_iter.\ar_q' using process `$paramod$4bd8633b1a71c7555a354b0e88fbd5ae2933d1fe\cordic_core_iter.$proc$cordic_core_iter.sv:223$221'.
  created $dff cell `$procdff$1389' with positive edge clock.
Creating register for signal `$paramod$4bd8633b1a71c7555a354b0e88fbd5ae2933d1fe\cordic_core_iter.\state_q' using process `$paramod$4bd8633b1a71c7555a354b0e88fbd5ae2933d1fe\cordic_core_iter.$proc$cordic_core_iter.sv:210$219'.
  created $adff cell `$procdff$1390' with positive edge clock and negative level reset.
Creating register for signal `$paramod$4bd8633b1a71c7555a354b0e88fbd5ae2933d1fe\cordic_core_iter.\cnt_q' using process `$paramod$4bd8633b1a71c7555a354b0e88fbd5ae2933d1fe\cordic_core_iter.$proc$cordic_core_iter.sv:210$219'.
  created $adff cell `$procdff$1391' with positive edge clock and negative level reset.

9.3.10. Executing PROC_MEMWR pass (convert process memory writes to cells).

9.3.11. Executing PROC_CLEAN pass (remove empty switches from decision trees).
Removing empty process `cordic_equiv_miter.$proc$cordic_equiv_miter.sv:0$131'.
Removing empty process `cordic_equiv_miter.$proc$cordic_equiv_miter.sv:0$129'.
Removing empty process `cordic_equiv_miter.$proc$cordic_equiv_miter.sv:0$127'.
Removing empty process `cordic_equiv_miter.$proc$cordic_equiv_miter.sv:0$125'.
Removing empty process `cordic_equiv_miter.$proc$cordic_equiv_miter.sv:0$123'.
Removing empty process `cordic_equiv_miter.$proc$cordic_equiv_miter.sv:0$121'.
Removing empty process `cordic_equiv_miter.$proc$cordic_equiv_miter.sv:0$119'.
Removing empty process `cordic_equiv_miter.$proc$cordic_equiv_miter.sv:0$117'.
Found and cleaned up 1 empty switch in `\cordic_equiv_miter.$proc$cordic_equiv_miter.sv:163$109'.
Removing empty process `cordic_equiv_miter.$proc$cordic_equiv_miter.sv:163$109'.
Found and cleaned up 1 empty switch in `\cordic_equiv_miter.$proc$cordic_equiv_miter.sv:149$89'.
Removing empty process `cordic_equiv_miter.$proc$cordic_equiv_miter.sv:149$89'.
Found and cleaned up 2 empty switches in `\cordic_equiv_miter.$proc$cordic_equiv_miter.sv:123$85'.
Removing empty process `cordic_equiv_miter.$proc$cordic_equiv_miter.sv:123$85'.
Found and cleaned up 2 empty switches in `\cordic_equiv_miter.$proc$cordic_equiv_miter.sv:113$81'.
Removing empty process `cordic_equiv_miter.$proc$cordic_equiv_miter.sv:113$81'.
Found and cleaned up 1 empty switch in `$paramod\cordic_stage\Width=32'00000000000000000000000000001110.$proc$cordic_stage.sv:0$533'.
Removing empty process `$paramod\cordic_stage\Width=32'00000000000000000000000000001110.$proc$cordic_stage.sv:0$533'.
Found and cleaned up 1 empty switch in `$paramod$4bd8633b1a71c7555a354b0e88fbd5ae2933d1fe\cordic_core_pipe.$proc$cordic_core_pipe.sv:159$528'.
Removing empty process `$paramod$4bd8633b1a71c7555a354b0e88fbd5ae2933d1fe\cordic_core_pipe.$proc$cordic_core_pipe.sv:159$528'.
Found and cleaned up 2 empty switches in `$paramod$4bd8633b1a71c7555a354b0e88fbd5ae2933d1fe\cordic_core_pipe.$proc$cordic_core_pipe.sv:146$526'.
Removing empty process `$paramod$4bd8633b1a71c7555a354b0e88fbd5ae2933d1fe\cordic_core_pipe.$proc$cordic_core_pipe.sv:146$526'.
Found and cleaned up 1 empty switch in `$paramod$4bd8633b1a71c7555a354b0e88fbd5ae2933d1fe\cordic_core_pipe.$proc$cordic_core_pipe.sv:0$519'.
Removing empty process `$paramod$4bd8633b1a71c7555a354b0e88fbd5ae2933d1fe\cordic_core_pipe.$proc$cordic_core_pipe.sv:0$519'.
Found and cleaned up 1 empty switch in `$paramod$4bd8633b1a71c7555a354b0e88fbd5ae2933d1fe\cordic_core_pipe.$proc$cordic_core_pipe.sv:159$517'.
Removing empty process `$paramod$4bd8633b1a71c7555a354b0e88fbd5ae2933d1fe\cordic_core_pipe.$proc$cordic_core_pipe.sv:159$517'.
Found and cleaned up 2 empty switches in `$paramod$4bd8633b1a71c7555a354b0e88fbd5ae2933d1fe\cordic_core_pipe.$proc$cordic_core_pipe.sv:146$515'.
Removing empty process `$paramod$4bd8633b1a71c7555a354b0e88fbd5ae2933d1fe\cordic_core_pipe.$proc$cordic_core_pipe.sv:146$515'.
Found and cleaned up 1 empty switch in `$paramod$4bd8633b1a71c7555a354b0e88fbd5ae2933d1fe\cordic_core_pipe.$proc$cordic_core_pipe.sv:0$508'.
Removing empty process `$paramod$4bd8633b1a71c7555a354b0e88fbd5ae2933d1fe\cordic_core_pipe.$proc$cordic_core_pipe.sv:0$508'.
Found and cleaned up 1 empty switch in `$paramod$4bd8633b1a71c7555a354b0e88fbd5ae2933d1fe\cordic_core_pipe.$proc$cordic_core_pipe.sv:159$506'.
Removing empty process `$paramod$4bd8633b1a71c7555a354b0e88fbd5ae2933d1fe\cordic_core_pipe.$proc$cordic_core_pipe.sv:159$506'.
Found and cleaned up 2 empty switches in `$paramod$4bd8633b1a71c7555a354b0e88fbd5ae2933d1fe\cordic_core_pipe.$proc$cordic_core_pipe.sv:146$504'.
Removing empty process `$paramod$4bd8633b1a71c7555a354b0e88fbd5ae2933d1fe\cordic_core_pipe.$proc$cordic_core_pipe.sv:146$504'.
Found and cleaned up 1 empty switch in `$paramod$4bd8633b1a71c7555a354b0e88fbd5ae2933d1fe\cordic_core_pipe.$proc$cordic_core_pipe.sv:0$497'.
Removing empty process `$paramod$4bd8633b1a71c7555a354b0e88fbd5ae2933d1fe\cordic_core_pipe.$proc$cordic_core_pipe.sv:0$497'.
Found and cleaned up 1 empty switch in `$paramod$4bd8633b1a71c7555a354b0e88fbd5ae2933d1fe\cordic_core_pipe.$proc$cordic_core_pipe.sv:159$495'.
Removing empty process `$paramod$4bd8633b1a71c7555a354b0e88fbd5ae2933d1fe\cordic_core_pipe.$proc$cordic_core_pipe.sv:159$495'.
Found and cleaned up 2 empty switches in `$paramod$4bd8633b1a71c7555a354b0e88fbd5ae2933d1fe\cordic_core_pipe.$proc$cordic_core_pipe.sv:146$493'.
Removing empty process `$paramod$4bd8633b1a71c7555a354b0e88fbd5ae2933d1fe\cordic_core_pipe.$proc$cordic_core_pipe.sv:146$493'.
Found and cleaned up 1 empty switch in `$paramod$4bd8633b1a71c7555a354b0e88fbd5ae2933d1fe\cordic_core_pipe.$proc$cordic_core_pipe.sv:0$486'.
Removing empty process `$paramod$4bd8633b1a71c7555a354b0e88fbd5ae2933d1fe\cordic_core_pipe.$proc$cordic_core_pipe.sv:0$486'.
Found and cleaned up 1 empty switch in `$paramod$4bd8633b1a71c7555a354b0e88fbd5ae2933d1fe\cordic_core_pipe.$proc$cordic_core_pipe.sv:159$484'.
Removing empty process `$paramod$4bd8633b1a71c7555a354b0e88fbd5ae2933d1fe\cordic_core_pipe.$proc$cordic_core_pipe.sv:159$484'.
Found and cleaned up 2 empty switches in `$paramod$4bd8633b1a71c7555a354b0e88fbd5ae2933d1fe\cordic_core_pipe.$proc$cordic_core_pipe.sv:146$482'.
Removing empty process `$paramod$4bd8633b1a71c7555a354b0e88fbd5ae2933d1fe\cordic_core_pipe.$proc$cordic_core_pipe.sv:146$482'.
Found and cleaned up 1 empty switch in `$paramod$4bd8633b1a71c7555a354b0e88fbd5ae2933d1fe\cordic_core_pipe.$proc$cordic_core_pipe.sv:0$475'.
Removing empty process `$paramod$4bd8633b1a71c7555a354b0e88fbd5ae2933d1fe\cordic_core_pipe.$proc$cordic_core_pipe.sv:0$475'.
Removing empty process `$paramod$801fe539f75c768c502eaedc222877d9a728ec18\cordic_pre.$proc$cordic_pre.sv:0$396'.
Removing empty process `$paramod$801fe539f75c768c502eaedc222877d9a728ec18\cordic_pre.$proc$cordic_pre.sv:0$392'.
Removing empty process `$paramod$801fe539f75c768c502eaedc222877d9a728ec18\cordic_pre.$proc$cordic_pre.sv:0$388'.
Removing empty process `$paramod$801fe539f75c768c502eaedc222877d9a728ec18\cordic_pre.$proc$cordic_pre.sv:0$387'.
Found and cleaned up 15 empty switches in `$paramod$801fe539f75c768c502eaedc222877d9a728ec18\cordic_pre.$proc$cordic_pre.sv:0$326'.
Removing empty process `$paramod$801fe539f75c768c502eaedc222877d9a728ec18\cordic_pre.$proc$cordic_pre.sv:0$326'.
Found and cleaned up 2 empty switches in `$paramod$88d5efff5ea4ed3f4dc036b654af2da8e0760030\cordic_post.$proc$cordic_post.sv:0$291'.
Removing empty process `$paramod$88d5efff5ea4ed3f4dc036b654af2da8e0760030\cordic_post.$proc$cordic_post.sv:0$291'.
Found and cleaned up 2 empty switches in `$paramod$88d5efff5ea4ed3f4dc036b654af2da8e0760030\cordic_post.$proc$cordic_post.sv:0$280'.
Removing empty process `$paramod$88d5efff5ea4ed3f4dc036b654af2da8e0760030\cordic_post.$proc$cordic_post.sv:0$280'.
Found and cleaned up 2 empty switches in `$paramod$88d5efff5ea4ed3f4dc036b654af2da8e0760030\cordic_post.$proc$cordic_post.sv:0$269'.
Removing empty process `$paramod$88d5efff5ea4ed3f4dc036b654af2da8e0760030\cordic_post.$proc$cordic_post.sv:0$269'.
Found and cleaned up 2 empty switches in `$paramod$88d5efff5ea4ed3f4dc036b654af2da8e0760030\cordic_post.$proc$cordic_post.sv:0$268'.
Removing empty process `$paramod$88d5efff5ea4ed3f4dc036b654af2da8e0760030\cordic_post.$proc$cordic_post.sv:0$268'.
Found and cleaned up 1 empty switch in `$paramod$88d5efff5ea4ed3f4dc036b654af2da8e0760030\cordic_post.$proc$cordic_post.sv:0$262'.
Removing empty process `$paramod$88d5efff5ea4ed3f4dc036b654af2da8e0760030\cordic_post.$proc$cordic_post.sv:0$262'.
Removing empty process `$paramod$88d5efff5ea4ed3f4dc036b654af2da8e0760030\cordic_post.$proc$cordic_post.sv:0$238'.
Removing empty process `$paramod$4bd8633b1a71c7555a354b0e88fbd5ae2933d1fe\cordic_core_iter.$proc$cordic_core_iter.sv:223$221'.
Found and cleaned up 1 empty switch in `$paramod$4bd8633b1a71c7555a354b0e88fbd5ae2933d1fe\cordic_core_iter.$proc$cordic_core_iter.sv:210$219'.
Removing empty process `$paramod$4bd8633b1a71c7555a354b0e88fbd5ae2933d1fe\cordic_core_iter.$proc$cordic_core_iter.sv:210$219'.
Found and cleaned up 4 empty switches in `$paramod$4bd8633b1a71c7555a354b0e88fbd5ae2933d1fe\cordic_core_iter.$proc$cordic_core_iter.sv:0$216'.
Removing empty process `$paramod$4bd8633b1a71c7555a354b0e88fbd5ae2933d1fe\cordic_core_iter.$proc$cordic_core_iter.sv:0$216'.
Found and cleaned up 1 empty switch in `$paramod$4bd8633b1a71c7555a354b0e88fbd5ae2933d1fe\cordic_core_iter.$proc$cordic_core_iter.sv:0$208'.
Removing empty process `$paramod$4bd8633b1a71c7555a354b0e88fbd5ae2933d1fe\cordic_core_iter.$proc$cordic_core_iter.sv:0$208'.
Found and cleaned up 5 empty switches in `$paramod$4bd8633b1a71c7555a354b0e88fbd5ae2933d1fe\cordic_core_iter.$proc$cordic_core_iter.sv:0$201'.
Removing empty process `$paramod$4bd8633b1a71c7555a354b0e88fbd5ae2933d1fe\cordic_core_iter.$proc$cordic_core_iter.sv:0$201'.
Cleaned up 62 empty switches.

9.3.12. Executing OPT_EXPR pass (perform const folding).
Optimizing module cordic_equiv_miter.
<suppressed ~1 debug messages>
Optimizing module $paramod\cordic_stage\Width=32'00000000000000000000000000001110.
<suppressed ~2 debug messages>
Optimizing module $paramod$4bd8633b1a71c7555a354b0e88fbd5ae2933d1fe\cordic_core_pipe.
<suppressed ~35 debug messages>
Optimizing module $paramod$801fe539f75c768c502eaedc222877d9a728ec18\cordic_pre.
<suppressed ~55 debug messages>
Optimizing module $paramod$88d5efff5ea4ed3f4dc036b654af2da8e0760030\cordic_post.
<suppressed ~6 debug messages>
Optimizing module $paramod$4bd8633b1a71c7555a354b0e88fbd5ae2933d1fe\cordic_core_iter.
<suppressed ~4 debug messages>
Optimizing module $paramod$70820d58573aa6bc151b08ca87828bb1aacf54b8\cordic_unit.
Optimizing module $paramod$d65250d32a3a3b63267a61a752ff3d1effa537d5\cordic_unit.

9.4. Executing OPT_EXPR pass (perform const folding).
Optimizing module cordic_equiv_miter.
Optimizing module $paramod\cordic_stage\Width=32'00000000000000000000000000001110.
Optimizing module $paramod$4bd8633b1a71c7555a354b0e88fbd5ae2933d1fe\cordic_core_pipe.
Optimizing module $paramod$801fe539f75c768c502eaedc222877d9a728ec18\cordic_pre.
Optimizing module $paramod$88d5efff5ea4ed3f4dc036b654af2da8e0760030\cordic_post.
Optimizing module $paramod$4bd8633b1a71c7555a354b0e88fbd5ae2933d1fe\cordic_core_iter.
Optimizing module $paramod$70820d58573aa6bc151b08ca87828bb1aacf54b8\cordic_unit.
Optimizing module $paramod$d65250d32a3a3b63267a61a752ff3d1effa537d5\cordic_unit.

9.5. Executing OPT_CLEAN pass (remove unused cells and wires).
Finding unused cells or wires in module \cordic_equiv_miter..
Finding unused cells or wires in module $paramod\cordic_stage\Width=32'00000000000000000000000000001110..
Finding unused cells or wires in module $paramod$4bd8633b1a71c7555a354b0e88fbd5ae2933d1fe\cordic_core_pipe..
Finding unused cells or wires in module $paramod$801fe539f75c768c502eaedc222877d9a728ec18\cordic_pre..
Finding unused cells or wires in module $paramod$88d5efff5ea4ed3f4dc036b654af2da8e0760030\cordic_post..
Finding unused cells or wires in module $paramod$4bd8633b1a71c7555a354b0e88fbd5ae2933d1fe\cordic_core_iter..
Finding unused cells or wires in module $paramod$70820d58573aa6bc151b08ca87828bb1aacf54b8\cordic_unit..
Finding unused cells or wires in module $paramod$d65250d32a3a3b63267a61a752ff3d1effa537d5\cordic_unit..
Removed 35 unused cells and 595 unused wires.
<suppressed ~42 debug messages>

9.6. Executing CHECK pass (checking for obvious problems).
Checking module $paramod$4bd8633b1a71c7555a354b0e88fbd5ae2933d1fe\cordic_core_iter...
Checking module $paramod$4bd8633b1a71c7555a354b0e88fbd5ae2933d1fe\cordic_core_pipe...
Checking module $paramod$70820d58573aa6bc151b08ca87828bb1aacf54b8\cordic_unit...
Checking module $paramod$801fe539f75c768c502eaedc222877d9a728ec18\cordic_pre...
Checking module $paramod$88d5efff5ea4ed3f4dc036b654af2da8e0760030\cordic_post...
Checking module $paramod$d65250d32a3a3b63267a61a752ff3d1effa537d5\cordic_unit...
Checking module $paramod\cordic_stage\Width=32'00000000000000000000000000001110...
Checking module cordic_equiv_miter...
Found and reported 0 problems.

9.7. Executing OPT pass (performing simple optimizations).

9.7.1. Executing OPT_EXPR pass (perform const folding).
Optimizing module $paramod$4bd8633b1a71c7555a354b0e88fbd5ae2933d1fe\cordic_core_iter.
Optimizing module $paramod$4bd8633b1a71c7555a354b0e88fbd5ae2933d1fe\cordic_core_pipe.
Optimizing module $paramod$70820d58573aa6bc151b08ca87828bb1aacf54b8\cordic_unit.
Optimizing module $paramod$801fe539f75c768c502eaedc222877d9a728ec18\cordic_pre.
Optimizing module $paramod$88d5efff5ea4ed3f4dc036b654af2da8e0760030\cordic_post.
Optimizing module $paramod$d65250d32a3a3b63267a61a752ff3d1effa537d5\cordic_unit.
Optimizing module $paramod\cordic_stage\Width=32'00000000000000000000000000001110.
Optimizing module cordic_equiv_miter.

9.7.2. Executing OPT_MERGE pass (detect identical cells).
Finding identical cells in module `$paramod$4bd8633b1a71c7555a354b0e88fbd5ae2933d1fe\cordic_core_iter'.
<suppressed ~30 debug messages>
Finding identical cells in module `$paramod$4bd8633b1a71c7555a354b0e88fbd5ae2933d1fe\cordic_core_pipe'.
<suppressed ~54 debug messages>
Finding identical cells in module `$paramod$70820d58573aa6bc151b08ca87828bb1aacf54b8\cordic_unit'.
Finding identical cells in module `$paramod$801fe539f75c768c502eaedc222877d9a728ec18\cordic_pre'.
<suppressed ~210 debug messages>
Finding identical cells in module `$paramod$88d5efff5ea4ed3f4dc036b654af2da8e0760030\cordic_post'.
<suppressed ~6 debug messages>
Finding identical cells in module `$paramod$d65250d32a3a3b63267a61a752ff3d1effa537d5\cordic_unit'.
Finding identical cells in module `$paramod\cordic_stage\Width=32'00000000000000000000000000001110'.
<suppressed ~6 debug messages>
Finding identical cells in module `\cordic_equiv_miter'.
Removed a total of 102 cells.

9.7.3. Executing OPT_MUXTREE pass (detect dead branches in mux trees).
Running muxtree optimizer on module $paramod$4bd8633b1a71c7555a354b0e88fbd5ae2933d1fe\cordic_core_iter..
  Creating internal representation of mux trees.
  Evaluating internal representation of mux trees.
  Analyzing evaluation results.
    dead port 2/2 on $mux $procmux$1234.
    dead port 2/2 on $mux $procmux$1241.
Running muxtree optimizer on module $paramod$4bd8633b1a71c7555a354b0e88fbd5ae2933d1fe\cordic_core_pipe..
  Creating internal representation of mux trees.
  Evaluating internal representation of mux trees.
  Analyzing evaluation results.
Running muxtree optimizer on module $paramod$70820d58573aa6bc151b08ca87828bb1aacf54b8\cordic_unit..
  Creating internal representation of mux trees.
  No muxes found in this module.
Running muxtree optimizer on module $paramod$801fe539f75c768c502eaedc222877d9a728ec18\cordic_pre..
  Creating internal representation of mux trees.
  Evaluating internal representation of mux trees.
  Analyzing evaluation results.
    dead port 2/2 on $mux $procmux$1010.
    dead port 2/2 on $mux $procmux$1023.
    dead port 2/2 on $mux $procmux$1036.
    dead port 1/3 on $pmux $procmux$739.
    dead port 2/3 on $pmux $procmux$739.
    dead port 1/2 on $mux $procmux$742.
    dead port 2/2 on $mux $procmux$749.
    dead port 1/2 on $mux $procmux$751.
    dead port 2/2 on $mux $procmux$759.
    dead port 1/2 on $mux $procmux$761.
    dead port 1/2 on $mux $procmux$770.
    dead port 2/2 on $mux $procmux$772.
    dead port 1/2 on $mux $procmux$774.
    dead port 1/2 on $mux $procmux$783.
    dead port 2/2 on $mux $procmux$785.
    dead port 1/2 on $mux $procmux$787.
    dead port 1/2 on $mux $procmux$796.
    dead port 2/2 on $mux $procmux$798.
    dead port 1/2 on $mux $procmux$800.
    dead port 2/2 on $mux $procmux$808.
    dead port 1/2 on $mux $procmux$810.
    dead port 2/2 on $mux $procmux$818.
    dead port 1/2 on $mux $procmux$820.
    dead port 1/2 on $mux $procmux$837.
    dead port 1/2 on $mux $procmux$858.
    dead port 1/2 on $mux $procmux$865.
    dead port 1/2 on $mux $procmux$872.
    dead port 2/2 on $mux $procmux$934.
    dead port 2/2 on $mux $procmux$940.
    dead port 2/2 on $mux $procmux$954.
    dead port 2/2 on $mux $procmux$964.
    dead port 2/2 on $mux $procmux$974.
    dead port 2/2 on $mux $procmux$997.
Running muxtree optimizer on module $paramod$88d5efff5ea4ed3f4dc036b654af2da8e0760030\cordic_post..
  Creating internal representation of mux trees.
  Evaluating internal representation of mux trees.
  Analyzing evaluation results.
    dead port 1/2 on $mux $procmux$1124.
    dead port 1/2 on $mux $procmux$1133.
    dead port 1/2 on $mux $procmux$1142.
    dead port 1/2 on $mux $procmux$1151.
    dead port 1/2 on $mux $procmux$1157.
    dead port 1/2 on $mux $procmux$1163.
    dead port 1/2 on $mux $procmux$1168.
    dead port 1/2 on $mux $procmux$1174.
    dead port 1/2 on $mux $procmux$1180.
    dead port 1/2 on $mux $procmux$1186.
Running muxtree optimizer on module $paramod$d65250d32a3a3b63267a61a752ff3d1effa537d5\cordic_unit..
  Creating internal representation of mux trees.
  No muxes found in this module.
Running muxtree optimizer on module $paramod\cordic_stage\Width=32'00000000000000000000000000001110..
  Creating internal representation of mux trees.
  Evaluating internal representation of mux trees.
  Analyzing evaluation results.
Running muxtree optimizer on module \cordic_equiv_miter..
  Creating internal representation of mux trees.
  Evaluating internal representation of mux trees.
  Analyzing evaluation results.
Removed 45 multiplexer ports.
<suppressed ~113 debug messages>

9.7.4. Executing OPT_REDUCE pass (consolidate $*mux and $reduce_* inputs).
  Optimizing cells in module $paramod$4bd8633b1a71c7555a354b0e88fbd5ae2933d1fe\cordic_core_iter.
  Optimizing cells in module $paramod$4bd8633b1a71c7555a354b0e88fbd5ae2933d1fe\cordic_core_pipe.
    New ctrl vector for $pmux cell $procmux$652: $procmux$650_CMP
    New ctrl vector for $pmux cell $procmux$656: $procmux$650_CMP
    New ctrl vector for $pmux cell $procmux$677: $procmux$675_CMP
    New ctrl vector for $pmux cell $procmux$681: $procmux$675_CMP
    New ctrl vector for $pmux cell $procmux$702: $procmux$700_CMP
    New ctrl vector for $pmux cell $procmux$706: $procmux$700_CMP
    New ctrl vector for $pmux cell $procmux$727: $procmux$725_CMP
    New ctrl vector for $pmux cell $procmux$731: $procmux$725_CMP
  Optimizing cells in module $paramod$4bd8633b1a71c7555a354b0e88fbd5ae2933d1fe\cordic_core_pipe.
  Optimizing cells in module $paramod$70820d58573aa6bc151b08ca87828bb1aacf54b8\cordic_unit.
  Optimizing cells in module $paramod$801fe539f75c768c502eaedc222877d9a728ec18\cordic_pre.
    New ctrl vector for $pmux cell $procmux$1049: { $procmux$1047_CMP $procmux$1011_CMP $procmux$1044_CMP $auto$opt_reduce.cc:134:opt_pmux$1393 $procmux$1042_CMP $procmux$1040_CMP }
    New ctrl vector for $pmux cell $procmux$1101: $auto$opt_reduce.cc:134:opt_pmux$1395
    New ctrl vector for $pmux cell $procmux$1106: $auto$opt_reduce.cc:134:opt_pmux$1397
    New ctrl vector for $pmux cell $procmux$1112: { $auto$opt_reduce.cc:134:opt_pmux$1401 $auto$opt_reduce.cc:134:opt_pmux$1399 }
    New ctrl vector for $pmux cell $procmux$1039: { $procmux$1011_CMP $procmux$1044_CMP $procmux$1043_CMP $procmux$1042_CMP $auto$opt_reduce.cc:134:opt_pmux$1403 $procmux$1040_CMP }
    New ctrl vector for $pmux cell $procmux$1058: $auto$opt_reduce.cc:134:opt_pmux$1405
    New ctrl vector for $pmux cell $procmux$1064: { $procmux$1044_CMP $procmux$1042_CMP $auto$opt_reduce.cc:134:opt_pmux$1407 $procmux$1040_CMP }
  Optimizing cells in module $paramod$801fe539f75c768c502eaedc222877d9a728ec18\cordic_pre.
  Optimizing cells in module $paramod$88d5efff5ea4ed3f4dc036b654af2da8e0760030\cordic_post.
  Optimizing cells in module $paramod$d65250d32a3a3b63267a61a752ff3d1effa537d5\cordic_unit.
  Optimizing cells in module $paramod\cordic_stage\Width=32'00000000000000000000000000001110.
  Optimizing cells in module \cordic_equiv_miter.
Performed a total of 17 changes.

9.7.5. Executing OPT_MERGE pass (detect identical cells).
Finding identical cells in module `$paramod$4bd8633b1a71c7555a354b0e88fbd5ae2933d1fe\cordic_core_iter'.
Finding identical cells in module `$paramod$4bd8633b1a71c7555a354b0e88fbd5ae2933d1fe\cordic_core_pipe'.
Finding identical cells in module `$paramod$70820d58573aa6bc151b08ca87828bb1aacf54b8\cordic_unit'.
Finding identical cells in module `$paramod$801fe539f75c768c502eaedc222877d9a728ec18\cordic_pre'.
<suppressed ~18 debug messages>
Finding identical cells in module `$paramod$88d5efff5ea4ed3f4dc036b654af2da8e0760030\cordic_post'.
<suppressed ~3 debug messages>
Finding identical cells in module `$paramod$d65250d32a3a3b63267a61a752ff3d1effa537d5\cordic_unit'.
Finding identical cells in module `$paramod\cordic_stage\Width=32'00000000000000000000000000001110'.
Finding identical cells in module `\cordic_equiv_miter'.
<suppressed ~36 debug messages>
Removed a total of 19 cells.

9.7.6. Executing OPT_CLEAN pass (remove unused cells and wires).
Finding unused cells or wires in module $paramod$4bd8633b1a71c7555a354b0e88fbd5ae2933d1fe\cordic_core_iter..
Finding unused cells or wires in module $paramod$4bd8633b1a71c7555a354b0e88fbd5ae2933d1fe\cordic_core_pipe..
Finding unused cells or wires in module $paramod$70820d58573aa6bc151b08ca87828bb1aacf54b8\cordic_unit..
Finding unused cells or wires in module $paramod$801fe539f75c768c502eaedc222877d9a728ec18\cordic_pre..
Finding unused cells or wires in module $paramod$88d5efff5ea4ed3f4dc036b654af2da8e0760030\cordic_post..
Finding unused cells or wires in module $paramod$d65250d32a3a3b63267a61a752ff3d1effa537d5\cordic_unit..
Finding unused cells or wires in module $paramod\cordic_stage\Width=32'00000000000000000000000000001110..
Finding unused cells or wires in module \cordic_equiv_miter..
Removed 3 unused cells and 166 unused wires.
<suppressed ~9 debug messages>

9.7.7. Executing OPT_EXPR pass (perform const folding).
Optimizing module $paramod$4bd8633b1a71c7555a354b0e88fbd5ae2933d1fe\cordic_core_iter.
Optimizing module $paramod$4bd8633b1a71c7555a354b0e88fbd5ae2933d1fe\cordic_core_pipe.
Optimizing module $paramod$70820d58573aa6bc151b08ca87828bb1aacf54b8\cordic_unit.
Optimizing module $paramod$801fe539f75c768c502eaedc222877d9a728ec18\cordic_pre.
Optimizing module $paramod$88d5efff5ea4ed3f4dc036b654af2da8e0760030\cordic_post.
<suppressed ~1 debug messages>
Optimizing module $paramod$d65250d32a3a3b63267a61a752ff3d1effa537d5\cordic_unit.
Optimizing module $paramod\cordic_stage\Width=32'00000000000000000000000000001110.
Optimizing module cordic_equiv_miter.

9.7.8. Rerunning OPT passes. (Maybe there is more to do..)

9.7.9. Executing OPT_MUXTREE pass (detect dead branches in mux trees).
Running muxtree optimizer on module $paramod$4bd8633b1a71c7555a354b0e88fbd5ae2933d1fe\cordic_core_iter..
  Creating internal representation of mux trees.
  Evaluating internal representation of mux trees.
  Analyzing evaluation results.
Running muxtree optimizer on module $paramod$4bd8633b1a71c7555a354b0e88fbd5ae2933d1fe\cordic_core_pipe..
  Creating internal representation of mux trees.
  Evaluating internal representation of mux trees.
  Analyzing evaluation results.
Running muxtree optimizer on module $paramod$70820d58573aa6bc151b08ca87828bb1aacf54b8\cordic_unit..
  Creating internal representation of mux trees.
  No muxes found in this module.
Running muxtree optimizer on module $paramod$801fe539f75c768c502eaedc222877d9a728ec18\cordic_pre..
  Creating internal representation of mux trees.
  Evaluating internal representation of mux trees.
  Analyzing evaluation results.
Running muxtree optimizer on module $paramod$88d5efff5ea4ed3f4dc036b654af2da8e0760030\cordic_post..
  Creating internal representation of mux trees.
  Evaluating internal representation of mux trees.
  Analyzing evaluation results.
Running muxtree optimizer on module $paramod$d65250d32a3a3b63267a61a752ff3d1effa537d5\cordic_unit..
  Creating internal representation of mux trees.
  No muxes found in this module.
Running muxtree optimizer on module $paramod\cordic_stage\Width=32'00000000000000000000000000001110..
  Creating internal representation of mux trees.
  Evaluating internal representation of mux trees.
  Analyzing evaluation results.
Running muxtree optimizer on module \cordic_equiv_miter..
  Creating internal representation of mux trees.
  Evaluating internal representation of mux trees.
  Analyzing evaluation results.
Removed 0 multiplexer ports.
<suppressed ~105 debug messages>

9.7.10. Executing OPT_REDUCE pass (consolidate $*mux and $reduce_* inputs).
  Optimizing cells in module $paramod$4bd8633b1a71c7555a354b0e88fbd5ae2933d1fe\cordic_core_iter.
  Optimizing cells in module $paramod$4bd8633b1a71c7555a354b0e88fbd5ae2933d1fe\cordic_core_pipe.
  Optimizing cells in module $paramod$70820d58573aa6bc151b08ca87828bb1aacf54b8\cordic_unit.
  Optimizing cells in module $paramod$801fe539f75c768c502eaedc222877d9a728ec18\cordic_pre.
    New ctrl vector for $pmux cell $procmux$1039: { $procmux$1043_CMP $procmux$1042_CMP $auto$opt_reduce.cc:134:opt_pmux$1403 $auto$opt_reduce.cc:134:opt_pmux$1409 }
  Optimizing cells in module $paramod$801fe539f75c768c502eaedc222877d9a728ec18\cordic_pre.
  Optimizing cells in module $paramod$88d5efff5ea4ed3f4dc036b654af2da8e0760030\cordic_post.
  Optimizing cells in module $paramod$d65250d32a3a3b63267a61a752ff3d1effa537d5\cordic_unit.
  Optimizing cells in module $paramod\cordic_stage\Width=32'00000000000000000000000000001110.
  Optimizing cells in module \cordic_equiv_miter.
Performed a total of 1 changes.

9.7.11. Executing OPT_MERGE pass (detect identical cells).
Finding identical cells in module `$paramod$4bd8633b1a71c7555a354b0e88fbd5ae2933d1fe\cordic_core_iter'.
Finding identical cells in module `$paramod$4bd8633b1a71c7555a354b0e88fbd5ae2933d1fe\cordic_core_pipe'.
Finding identical cells in module `$paramod$70820d58573aa6bc151b08ca87828bb1aacf54b8\cordic_unit'.
Finding identical cells in module `$paramod$801fe539f75c768c502eaedc222877d9a728ec18\cordic_pre'.
Finding identical cells in module `$paramod$88d5efff5ea4ed3f4dc036b654af2da8e0760030\cordic_post'.
Finding identical cells in module `$paramod$d65250d32a3a3b63267a61a752ff3d1effa537d5\cordic_unit'.
Finding identical cells in module `$paramod\cordic_stage\Width=32'00000000000000000000000000001110'.
Finding identical cells in module `\cordic_equiv_miter'.
Removed a total of 0 cells.

9.7.12. Executing OPT_CLEAN pass (remove unused cells and wires).
Finding unused cells or wires in module $paramod$4bd8633b1a71c7555a354b0e88fbd5ae2933d1fe\cordic_core_iter..
Finding unused cells or wires in module $paramod$4bd8633b1a71c7555a354b0e88fbd5ae2933d1fe\cordic_core_pipe..
Finding unused cells or wires in module $paramod$70820d58573aa6bc151b08ca87828bb1aacf54b8\cordic_unit..
Finding unused cells or wires in module $paramod$801fe539f75c768c502eaedc222877d9a728ec18\cordic_pre..
Finding unused cells or wires in module $paramod$88d5efff5ea4ed3f4dc036b654af2da8e0760030\cordic_post..
Finding unused cells or wires in module $paramod$d65250d32a3a3b63267a61a752ff3d1effa537d5\cordic_unit..
Finding unused cells or wires in module $paramod\cordic_stage\Width=32'00000000000000000000000000001110..
Finding unused cells or wires in module \cordic_equiv_miter..
Removed 1 unused cells and 2 unused wires.
<suppressed ~2 debug messages>

9.7.13. Executing OPT_EXPR pass (perform const folding).
Optimizing module $paramod$4bd8633b1a71c7555a354b0e88fbd5ae2933d1fe\cordic_core_iter.
Optimizing module $paramod$4bd8633b1a71c7555a354b0e88fbd5ae2933d1fe\cordic_core_pipe.
Optimizing module $paramod$70820d58573aa6bc151b08ca87828bb1aacf54b8\cordic_unit.
Optimizing module $paramod$801fe539f75c768c502eaedc222877d9a728ec18\cordic_pre.
Optimizing module $paramod$88d5efff5ea4ed3f4dc036b654af2da8e0760030\cordic_post.
Optimizing module $paramod$d65250d32a3a3b63267a61a752ff3d1effa537d5\cordic_unit.
Optimizing module $paramod\cordic_stage\Width=32'00000000000000000000000000001110.
Optimizing module cordic_equiv_miter.

9.7.14. Rerunning OPT passes. (Maybe there is more to do..)

9.7.15. Executing OPT_MUXTREE pass (detect dead branches in mux trees).
Running muxtree optimizer on module $paramod$4bd8633b1a71c7555a354b0e88fbd5ae2933d1fe\cordic_core_iter..
  Creating internal representation of mux trees.
  Evaluating internal representation of mux trees.
  Analyzing evaluation results.
Running muxtree optimizer on module $paramod$4bd8633b1a71c7555a354b0e88fbd5ae2933d1fe\cordic_core_pipe..
  Creating internal representation of mux trees.
  Evaluating internal representation of mux trees.
  Analyzing evaluation results.
Running muxtree optimizer on module $paramod$70820d58573aa6bc151b08ca87828bb1aacf54b8\cordic_unit..
  Creating internal representation of mux trees.
  No muxes found in this module.
Running muxtree optimizer on module $paramod$801fe539f75c768c502eaedc222877d9a728ec18\cordic_pre..
  Creating internal representation of mux trees.
  Evaluating internal representation of mux trees.
  Analyzing evaluation results.
Running muxtree optimizer on module $paramod$88d5efff5ea4ed3f4dc036b654af2da8e0760030\cordic_post..
  Creating internal representation of mux trees.
  Evaluating internal representation of mux trees.
  Analyzing evaluation results.
Running muxtree optimizer on module $paramod$d65250d32a3a3b63267a61a752ff3d1effa537d5\cordic_unit..
  Creating internal representation of mux trees.
  No muxes found in this module.
Running muxtree optimizer on module $paramod\cordic_stage\Width=32'00000000000000000000000000001110..
  Creating internal representation of mux trees.
  Evaluating internal representation of mux trees.
  Analyzing evaluation results.
Running muxtree optimizer on module \cordic_equiv_miter..
  Creating internal representation of mux trees.
  Evaluating internal representation of mux trees.
  Analyzing evaluation results.
Removed 0 multiplexer ports.
<suppressed ~105 debug messages>

9.7.16. Executing OPT_REDUCE pass (consolidate $*mux and $reduce_* inputs).
  Optimizing cells in module $paramod$4bd8633b1a71c7555a354b0e88fbd5ae2933d1fe\cordic_core_iter.
  Optimizing cells in module $paramod$4bd8633b1a71c7555a354b0e88fbd5ae2933d1fe\cordic_core_pipe.
  Optimizing cells in module $paramod$70820d58573aa6bc151b08ca87828bb1aacf54b8\cordic_unit.
  Optimizing cells in module $paramod$801fe539f75c768c502eaedc222877d9a728ec18\cordic_pre.
  Optimizing cells in module $paramod$88d5efff5ea4ed3f4dc036b654af2da8e0760030\cordic_post.
  Optimizing cells in module $paramod$d65250d32a3a3b63267a61a752ff3d1effa537d5\cordic_unit.
  Optimizing cells in module $paramod\cordic_stage\Width=32'00000000000000000000000000001110.
  Optimizing cells in module \cordic_equiv_miter.
Performed a total of 0 changes.

9.7.17. Executing OPT_MERGE pass (detect identical cells).
Finding identical cells in module `$paramod$4bd8633b1a71c7555a354b0e88fbd5ae2933d1fe\cordic_core_iter'.
Finding identical cells in module `$paramod$4bd8633b1a71c7555a354b0e88fbd5ae2933d1fe\cordic_core_pipe'.
Finding identical cells in module `$paramod$70820d58573aa6bc151b08ca87828bb1aacf54b8\cordic_unit'.
Finding identical cells in module `$paramod$801fe539f75c768c502eaedc222877d9a728ec18\cordic_pre'.
Finding identical cells in module `$paramod$88d5efff5ea4ed3f4dc036b654af2da8e0760030\cordic_post'.
Finding identical cells in module `$paramod$d65250d32a3a3b63267a61a752ff3d1effa537d5\cordic_unit'.
Finding identical cells in module `$paramod\cordic_stage\Width=32'00000000000000000000000000001110'.
Finding identical cells in module `\cordic_equiv_miter'.
Removed a total of 0 cells.

9.7.18. Executing OPT_CLEAN pass (remove unused cells and wires).
Finding unused cells or wires in module $paramod$4bd8633b1a71c7555a354b0e88fbd5ae2933d1fe\cordic_core_iter..
Finding unused cells or wires in module $paramod$4bd8633b1a71c7555a354b0e88fbd5ae2933d1fe\cordic_core_pipe..
Finding unused cells or wires in module $paramod$70820d58573aa6bc151b08ca87828bb1aacf54b8\cordic_unit..
Finding unused cells or wires in module $paramod$801fe539f75c768c502eaedc222877d9a728ec18\cordic_pre..
Finding unused cells or wires in module $paramod$88d5efff5ea4ed3f4dc036b654af2da8e0760030\cordic_post..
Finding unused cells or wires in module $paramod$d65250d32a3a3b63267a61a752ff3d1effa537d5\cordic_unit..
Finding unused cells or wires in module $paramod\cordic_stage\Width=32'00000000000000000000000000001110..
Finding unused cells or wires in module \cordic_equiv_miter..

9.7.19. Executing OPT_EXPR pass (perform const folding).
Optimizing module $paramod$4bd8633b1a71c7555a354b0e88fbd5ae2933d1fe\cordic_core_iter.
Optimizing module $paramod$4bd8633b1a71c7555a354b0e88fbd5ae2933d1fe\cordic_core_pipe.
Optimizing module $paramod$70820d58573aa6bc151b08ca87828bb1aacf54b8\cordic_unit.
Optimizing module $paramod$801fe539f75c768c502eaedc222877d9a728ec18\cordic_pre.
Optimizing module $paramod$88d5efff5ea4ed3f4dc036b654af2da8e0760030\cordic_post.
Optimizing module $paramod$d65250d32a3a3b63267a61a752ff3d1effa537d5\cordic_unit.
Optimizing module $paramod\cordic_stage\Width=32'00000000000000000000000000001110.
Optimizing module cordic_equiv_miter.

9.7.20. Finished OPT passes. (There is nothing left to do.)

9.8. Executing WREDUCE pass (reducing word size of cells).
Removed top 2 bits (of 3) from port A of cell $paramod$4bd8633b1a71c7555a354b0e88fbd5ae2933d1fe\cordic_core_iter.$eq$cordic_core_iter.sv:118$204 ($eq).
Removed top 1 bits (of 3) from port A of cell $paramod$4bd8633b1a71c7555a354b0e88fbd5ae2933d1fe\cordic_core_iter.$eq$cordic_core_iter.sv:118$205 ($eq).
Removed top 1 bits (of 3) from port A of cell $paramod$4bd8633b1a71c7555a354b0e88fbd5ae2933d1fe\cordic_core_iter.$eq$cordic_core_iter.sv:118$206 ($eq).
Removed top 1 bits (of 2) from port B of cell $paramod$4bd8633b1a71c7555a354b0e88fbd5ae2933d1fe\cordic_core_iter.$procmux$1242_CMP0 ($eq).
Removed top 1 bits (of 2) from port B of cell $paramod$4bd8633b1a71c7555a354b0e88fbd5ae2933d1fe\cordic_core_iter.$procmux$1265_CMP0 ($eq).
Removed top 5 bits (of 6) from mux cell $paramod$4bd8633b1a71c7555a354b0e88fbd5ae2933d1fe\cordic_core_iter.$procmux$1320 ($mux).
Removed top 5 bits (of 14) from mux cell $paramod$4bd8633b1a71c7555a354b0e88fbd5ae2933d1fe\cordic_core_iter.$procmux$1323 ($mux).
Removed top 4 bits (of 14) from mux cell $paramod$4bd8633b1a71c7555a354b0e88fbd5ae2933d1fe\cordic_core_iter.$procmux$1326 ($mux).
Removed top 5 bits (of 14) from mux cell $paramod$4bd8633b1a71c7555a354b0e88fbd5ae2933d1fe\cordic_core_iter.$procmux$1329 ($mux).
Removed top 5 bits (of 14) from wire $paramod$4bd8633b1a71c7555a354b0e88fbd5ae2933d1fe\cordic_core_iter.$1\angle_circ_sel[13:0].
Removed top 5 bits (of 14) from wire $paramod$4bd8633b1a71c7555a354b0e88fbd5ae2933d1fe\cordic_core_iter.$1\angle_hyp_sel[13:0].
Removed top 4 bits (of 14) from wire $paramod$4bd8633b1a71c7555a354b0e88fbd5ae2933d1fe\cordic_core_iter.$1\angle_lin_sel[13:0].
Removed top 7 bits (of 14) from mux cell $paramod$4bd8633b1a71c7555a354b0e88fbd5ae2933d1fe\cordic_core_pipe.$procmux$649 ($mux).
Removed top 4 bits (of 14) from mux cell $paramod$4bd8633b1a71c7555a354b0e88fbd5ae2933d1fe\cordic_core_pipe.$procmux$652 ($mux).
Removed top 4 bits (of 14) from mux cell $paramod$4bd8633b1a71c7555a354b0e88fbd5ae2933d1fe\cordic_core_pipe.$procmux$656 ($mux).
Removed top 1 bits (of 2) from port B of cell $paramod$4bd8633b1a71c7555a354b0e88fbd5ae2933d1fe\cordic_core_pipe.$procmux$674_CMP0 ($eq).
Removed top 6 bits (of 14) from mux cell $paramod$4bd8633b1a71c7555a354b0e88fbd5ae2933d1fe\cordic_core_pipe.$procmux$673 ($pmux).
Removed top 3 bits (of 14) from mux cell $paramod$4bd8633b1a71c7555a354b0e88fbd5ae2933d1fe\cordic_core_pipe.$procmux$677 ($mux).
Removed top 3 bits (of 14) from mux cell $paramod$4bd8633b1a71c7555a354b0e88fbd5ae2933d1fe\cordic_core_pipe.$procmux$681 ($mux).
Removed top 1 bits (of 2) from port B of cell $paramod$4bd8633b1a71c7555a354b0e88fbd5ae2933d1fe\cordic_core_pipe.$procmux$699_CMP0 ($eq).
Removed top 5 bits (of 14) from mux cell $paramod$4bd8633b1a71c7555a354b0e88fbd5ae2933d1fe\cordic_core_pipe.$procmux$698 ($pmux).
Removed top 2 bits (of 14) from mux cell $paramod$4bd8633b1a71c7555a354b0e88fbd5ae2933d1fe\cordic_core_pipe.$procmux$702 ($mux).
Removed top 2 bits (of 14) from mux cell $paramod$4bd8633b1a71c7555a354b0e88fbd5ae2933d1fe\cordic_core_pipe.$procmux$706 ($mux).
Removed top 1 bits (of 2) from port B of cell $paramod$4bd8633b1a71c7555a354b0e88fbd5ae2933d1fe\cordic_core_pipe.$procmux$724_CMP0 ($eq).
Removed top 4 bits (of 14) from mux cell $paramod$4bd8633b1a71c7555a354b0e88fbd5ae2933d1fe\cordic_core_pipe.$procmux$723 ($pmux).
Removed top 1 bits (of 14) from mux cell $paramod$4bd8633b1a71c7555a354b0e88fbd5ae2933d1fe\cordic_core_pipe.$procmux$727 ($mux).
Removed top 1 bits (of 14) from mux cell $paramod$4bd8633b1a71c7555a354b0e88fbd5ae2933d1fe\cordic_core_pipe.$procmux$731 ($mux).
Removed top 4 bits (of 14) from wire $paramod$4bd8633b1a71c7555a354b0e88fbd5ae2933d1fe\cordic_core_pipe.gen_stage[0].angle.
Removed top 5 bits (of 14) from wire $paramod$4bd8633b1a71c7555a354b0e88fbd5ae2933d1fe\cordic_core_pipe.gen_stage[1].angle.
Removed top 6 bits (of 14) from wire $paramod$4bd8633b1a71c7555a354b0e88fbd5ae2933d1fe\cordic_core_pipe.gen_stage[2].angle.
Removed top 7 bits (of 14) from wire $paramod$4bd8633b1a71c7555a354b0e88fbd5ae2933d1fe\cordic_core_pipe.gen_stage[3].angle.
Removed top 2 bits (of 14) from port A of cell $paramod$801fe539f75c768c502eaedc222877d9a728ec18\cordic_pre.$lt$cordic_pre.sv:140$333 ($lt).
Removed top 31 bits (of 32) from port B of cell $paramod$801fe539f75c768c502eaedc222877d9a728ec18\cordic_pre.$lt$cordic_pre.sv:140$333 ($lt).
Removed top 2 bits (of 14) from port A of cell $paramod$801fe539f75c768c502eaedc222877d9a728ec18\cordic_pre.$neg$cordic_pre.sv:141$334 ($neg).
Removed top 2 bits (of 14) from port A of cell $paramod$801fe539f75c768c502eaedc222877d9a728ec18\cordic_pre.$neg$cordic_pre.sv:142$335 ($neg).
Removed top 2 bits (of 14) from port A of cell $paramod$801fe539f75c768c502eaedc222877d9a728ec18\cordic_pre.$lt$cordic_pre.sv:143$336 ($lt).
Removed top 31 bits (of 32) from port B of cell $paramod$801fe539f75c768c502eaedc222877d9a728ec18\cordic_pre.$lt$cordic_pre.sv:143$336 ($lt).
Removed top 1 bits (of 2) from mux cell $paramod$801fe539f75c768c502eaedc222877d9a728ec18\cordic_pre.$ternary$cordic_pre.sv:143$337 ($mux).
Removed top 3 bits (of 14) from port A of cell $paramod$801fe539f75c768c502eaedc222877d9a728ec18\cordic_pre.$add$cordic_pre.sv:192$346 ($add).
Removed top 4 bits (of 14) from port B of cell $paramod$801fe539f75c768c502eaedc222877d9a728ec18\cordic_pre.$add$cordic_pre.sv:192$346 ($add).
Removed top 2 bits (of 14) from port Y of cell $paramod$801fe539f75c768c502eaedc222877d9a728ec18\cordic_pre.$add$cordic_pre.sv:192$346 ($add).
Removed top 3 bits (of 14) from port A of cell $paramod$801fe539f75c768c502eaedc222877d9a728ec18\cordic_pre.$sub$cordic_pre.sv:193$348 ($sub).
Removed top 4 bits (of 14) from port B of cell $paramod$801fe539f75c768c502eaedc222877d9a728ec18\cordic_pre.$sub$cordic_pre.sv:193$348 ($sub).
Removed top 2 bits (of 14) from port Y of cell $paramod$801fe539f75c768c502eaedc222877d9a728ec18\cordic_pre.$sub$cordic_pre.sv:193$348 ($sub).
Removed top 2 bits (of 14) from port A of cell $paramod$801fe539f75c768c502eaedc222877d9a728ec18\cordic_pre.$le$cordic_pre.sv:197$349 ($le).
Removed top 31 bits (of 32) from port B of cell $paramod$801fe539f75c768c502eaedc222877d9a728ec18\cordic_pre.$le$cordic_pre.sv:197$349 ($le).
Removed top 3 bits (of 14) from port B of cell $paramod$801fe539f75c768c502eaedc222877d9a728ec18\cordic_pre.$gt$cordic_pre.sv:228$367 ($gt).
Removed top 2 bits (of 14) from port B of cell $paramod$801fe539f75c768c502eaedc222877d9a728ec18\cordic_pre.$sub$cordic_pre.sv:229$368 ($sub).
Removed top 3 bits (of 14) from port B of cell $paramod$801fe539f75c768c502eaedc222877d9a728ec18\cordic_pre.$lt$cordic_pre.sv:232$371 ($lt).
Removed top 2 bits (of 14) from port B of cell $paramod$801fe539f75c768c502eaedc222877d9a728ec18\cordic_pre.$add$cordic_pre.sv:233$372 ($add).
Removed top 31 bits (of 32) from port B of cell $paramod$801fe539f75c768c502eaedc222877d9a728ec18\cordic_pre.$lt$cordic_pre.sv:108$375 ($lt).
Removed top 3 bits (of 14) from port B of cell $paramod$801fe539f75c768c502eaedc222877d9a728ec18\cordic_pre.$gt$cordic_pre.sv:239$378 ($gt).
Removed top 31 bits (of 32) from port B of cell $paramod$801fe539f75c768c502eaedc222877d9a728ec18\cordic_pre.$lt$cordic_pre.sv:108$379 ($lt).
Removed top 3 bits (of 14) from port B of cell $paramod$801fe539f75c768c502eaedc222877d9a728ec18\cordic_pre.$gt$cordic_pre.sv:241$382 ($gt).
Removed top 3 bits (of 14) from port B of cell $paramod$801fe539f75c768c502eaedc222877d9a728ec18\cordic_pre.$gt$cordic_pre.sv:242$386 ($gt).
Removed top 1 bits (of 2) from port B of cell $paramod$801fe539f75c768c502eaedc222877d9a728ec18\cordic_pre.$procmux$740_CMP0 ($eq).
Removed top 3 bits (of 5) from port B of cell $paramod$801fe539f75c768c502eaedc222877d9a728ec18\cordic_pre.$procmux$1011_CMP0 ($eq).
Removed top 1 bits (of 5) from port B of cell $paramod$801fe539f75c768c502eaedc222877d9a728ec18\cordic_pre.$procmux$1040_CMP0 ($eq).
Removed top 1 bits (of 5) from port B of cell $paramod$801fe539f75c768c502eaedc222877d9a728ec18\cordic_pre.$procmux$1041_CMP0 ($eq).
Removed top 2 bits (of 5) from port B of cell $paramod$801fe539f75c768c502eaedc222877d9a728ec18\cordic_pre.$procmux$1042_CMP0 ($eq).
Removed top 2 bits (of 5) from port B of cell $paramod$801fe539f75c768c502eaedc222877d9a728ec18\cordic_pre.$procmux$1043_CMP0 ($eq).
Removed top 2 bits (of 5) from port B of cell $paramod$801fe539f75c768c502eaedc222877d9a728ec18\cordic_pre.$procmux$1044_CMP0 ($eq).
Removed top 3 bits (of 5) from port B of cell $paramod$801fe539f75c768c502eaedc222877d9a728ec18\cordic_pre.$procmux$1045_CMP0 ($eq).
Removed top 2 bits (of 5) from port B of cell $paramod$801fe539f75c768c502eaedc222877d9a728ec18\cordic_pre.$procmux$1070_CMP0 ($eq).
Removed top 4 bits (of 5) from port B of cell $paramod$801fe539f75c768c502eaedc222877d9a728ec18\cordic_pre.$procmux$1073_CMP0 ($eq).
Removed top 1 bits (of 2) from wire $paramod$801fe539f75c768c502eaedc222877d9a728ec18\cordic_pre.$ternary$cordic_pre.sv:143$337_Y.
Removed top 31 bits (of 32) from port B of cell $paramod$88d5efff5ea4ed3f4dc036b654af2da8e0760030\cordic_post.$lt$cordic_post.sv:96$245 ($lt).
Removed top 3 bits (of 14) from port A of cell $paramod$88d5efff5ea4ed3f4dc036b654af2da8e0760030\cordic_post.$add$cordic_post.sv:109$255 ($add).
Removed top 8 bits (of 14) from port B of cell $paramod$88d5efff5ea4ed3f4dc036b654af2da8e0760030\cordic_post.$add$cordic_post.sv:109$255 ($add).
Removed top 2 bits (of 14) from port Y of cell $paramod$88d5efff5ea4ed3f4dc036b654af2da8e0760030\cordic_post.$add$cordic_post.sv:109$255 ($add).
Removed top 31 bits (of 32) from port B of cell $paramod$88d5efff5ea4ed3f4dc036b654af2da8e0760030\cordic_post.$lt$cordic_post.sv:96$256 ($lt).
Removed top 2 bits (of 14) from port B of cell $paramod$88d5efff5ea4ed3f4dc036b654af2da8e0760030\cordic_post.$gt$cordic_post.sv:110$259 ($gt).
Removed top 2 bits (of 14) from port B of cell $paramod$88d5efff5ea4ed3f4dc036b654af2da8e0760030\cordic_post.$sub$cordic_post.sv:125$263 ($sub).
Removed top 2 bits (of 14) from port B of cell $paramod$88d5efff5ea4ed3f4dc036b654af2da8e0760030\cordic_post.$add$cordic_post.sv:125$264 ($add).
Removed top 27 bits (of 32) from port B of cell $paramod$88d5efff5ea4ed3f4dc036b654af2da8e0760030\cordic_post.$add$cordic_post.sv:141$274 ($add).
Removed top 17 bits (of 32) from port Y of cell $paramod$88d5efff5ea4ed3f4dc036b654af2da8e0760030\cordic_post.$add$cordic_post.sv:141$274 ($add).
Removed top 3 bits (of 14) from port A of cell $paramod$88d5efff5ea4ed3f4dc036b654af2da8e0760030\cordic_post.$gt$cordic_post.sv:142$276 ($gt).
Removed top 6 bits (of 14) from port B of cell $paramod$88d5efff5ea4ed3f4dc036b654af2da8e0760030\cordic_post.$gt$cordic_post.sv:142$276 ($gt).
Removed top 3 bits (of 14) from port A of cell $paramod$88d5efff5ea4ed3f4dc036b654af2da8e0760030\cordic_post.$lt$cordic_post.sv:143$278 ($lt).
Removed top 6 bits (of 14) from port B of cell $paramod$88d5efff5ea4ed3f4dc036b654af2da8e0760030\cordic_post.$lt$cordic_post.sv:143$278 ($lt).
Removed top 27 bits (of 32) from port B of cell $paramod$88d5efff5ea4ed3f4dc036b654af2da8e0760030\cordic_post.$add$cordic_post.sv:141$285 ($add).
Removed top 17 bits (of 32) from port Y of cell $paramod$88d5efff5ea4ed3f4dc036b654af2da8e0760030\cordic_post.$add$cordic_post.sv:141$285 ($add).
Removed top 3 bits (of 14) from port A of cell $paramod$88d5efff5ea4ed3f4dc036b654af2da8e0760030\cordic_post.$gt$cordic_post.sv:142$287 ($gt).
Removed top 6 bits (of 14) from port B of cell $paramod$88d5efff5ea4ed3f4dc036b654af2da8e0760030\cordic_post.$gt$cordic_post.sv:142$287 ($gt).
Removed top 3 bits (of 14) from port A of cell $paramod$88d5efff5ea4ed3f4dc036b654af2da8e0760030\cordic_post.$lt$cordic_post.sv:143$289 ($lt).
Removed top 6 bits (of 14) from port B of cell $paramod$88d5efff5ea4ed3f4dc036b654af2da8e0760030\cordic_post.$lt$cordic_post.sv:143$289 ($lt).
Removed top 27 bits (of 32) from port B of cell $paramod$88d5efff5ea4ed3f4dc036b654af2da8e0760030\cordic_post.$add$cordic_post.sv:141$296 ($add).
Removed top 17 bits (of 32) from port Y of cell $paramod$88d5efff5ea4ed3f4dc036b654af2da8e0760030\cordic_post.$add$cordic_post.sv:141$296 ($add).
Removed top 3 bits (of 14) from port A of cell $paramod$88d5efff5ea4ed3f4dc036b654af2da8e0760030\cordic_post.$gt$cordic_post.sv:142$298 ($gt).
Removed top 6 bits (of 14) from port B of cell $paramod$88d5efff5ea4ed3f4dc036b654af2da8e0760030\cordic_post.$gt$cordic_post.sv:142$298 ($gt).
Removed top 3 bits (of 14) from port A of cell $paramod$88d5efff5ea4ed3f4dc036b654af2da8e0760030\cordic_post.$lt$cordic_post.sv:143$300 ($lt).
Removed top 6 bits (of 14) from port B of cell $paramod$88d5efff5ea4ed3f4dc036b654af2da8e0760030\cordic_post.$lt$cordic_post.sv:143$300 ($lt).
Removed top 14 bits (of 32) from wire $paramod$88d5efff5ea4ed3f4dc036b654af2da8e0760030\cordic_post.$add$cordic_post.sv:141$274_Y.
Removed top 14 bits (of 32) from wire $paramod$88d5efff5ea4ed3f4dc036b654af2da8e0760030\cordic_post.$add$cordic_post.sv:141$285_Y.
Removed top 14 bits (of 32) from wire $paramod$88d5efff5ea4ed3f4dc036b654af2da8e0760030\cordic_post.$add$cordic_post.sv:141$296_Y.
Removed top 6 bits (of 8) from port B of cell cordic_equiv_miter.$eq$cordic_equiv_miter.sv:166$114 ($eq).

9.9. Executing OPT_CLEAN pass (remove unused cells and wires).
Finding unused cells or wires in module $paramod$4bd8633b1a71c7555a354b0e88fbd5ae2933d1fe\cordic_core_iter..
Finding unused cells or wires in module $paramod$4bd8633b1a71c7555a354b0e88fbd5ae2933d1fe\cordic_core_pipe..
Finding unused cells or wires in module $paramod$70820d58573aa6bc151b08ca87828bb1aacf54b8\cordic_unit..
Finding unused cells or wires in module $paramod$801fe539f75c768c502eaedc222877d9a728ec18\cordic_pre..
Finding unused cells or wires in module $paramod$88d5efff5ea4ed3f4dc036b654af2da8e0760030\cordic_post..
Finding unused cells or wires in module $paramod$d65250d32a3a3b63267a61a752ff3d1effa537d5\cordic_unit..
Finding unused cells or wires in module $paramod\cordic_stage\Width=32'00000000000000000000000000001110..
Finding unused cells or wires in module \cordic_equiv_miter..
Removed 0 unused cells and 11 unused wires.
<suppressed ~4 debug messages>

9.10. Executing MEMORY_COLLECT pass (generating $mem cells).

9.11. Executing OPT pass (performing simple optimizations).

9.11.1. Executing OPT_EXPR pass (perform const folding).
Optimizing module $paramod$4bd8633b1a71c7555a354b0e88fbd5ae2933d1fe\cordic_core_iter.
Optimizing module $paramod$4bd8633b1a71c7555a354b0e88fbd5ae2933d1fe\cordic_core_pipe.
Optimizing module $paramod$70820d58573aa6bc151b08ca87828bb1aacf54b8\cordic_unit.
Optimizing module $paramod$801fe539f75c768c502eaedc222877d9a728ec18\cordic_pre.
Optimizing module $paramod$88d5efff5ea4ed3f4dc036b654af2da8e0760030\cordic_post.
Optimizing module $paramod$d65250d32a3a3b63267a61a752ff3d1effa537d5\cordic_unit.
Optimizing module $paramod\cordic_stage\Width=32'00000000000000000000000000001110.
Optimizing module cordic_equiv_miter.

9.11.2. Executing OPT_MERGE pass (detect identical cells).
Finding identical cells in module `$paramod$4bd8633b1a71c7555a354b0e88fbd5ae2933d1fe\cordic_core_iter'.
Finding identical cells in module `$paramod$4bd8633b1a71c7555a354b0e88fbd5ae2933d1fe\cordic_core_pipe'.
Finding identical cells in module `$paramod$70820d58573aa6bc151b08ca87828bb1aacf54b8\cordic_unit'.
Finding identical cells in module `$paramod$801fe539f75c768c502eaedc222877d9a728ec18\cordic_pre'.
Finding identical cells in module `$paramod$88d5efff5ea4ed3f4dc036b654af2da8e0760030\cordic_post'.
Finding identical cells in module `$paramod$d65250d32a3a3b63267a61a752ff3d1effa537d5\cordic_unit'.
Finding identical cells in module `$paramod\cordic_stage\Width=32'00000000000000000000000000001110'.
Finding identical cells in module `\cordic_equiv_miter'.
Removed a total of 0 cells.

9.11.3. Executing OPT_CLEAN pass (remove unused cells and wires).
Finding unused cells or wires in module $paramod$4bd8633b1a71c7555a354b0e88fbd5ae2933d1fe\cordic_core_iter..
Finding unused cells or wires in module $paramod$4bd8633b1a71c7555a354b0e88fbd5ae2933d1fe\cordic_core_pipe..
Finding unused cells or wires in module $paramod$70820d58573aa6bc151b08ca87828bb1aacf54b8\cordic_unit..
Finding unused cells or wires in module $paramod$801fe539f75c768c502eaedc222877d9a728ec18\cordic_pre..
Finding unused cells or wires in module $paramod$88d5efff5ea4ed3f4dc036b654af2da8e0760030\cordic_post..
Finding unused cells or wires in module $paramod$d65250d32a3a3b63267a61a752ff3d1effa537d5\cordic_unit..
Finding unused cells or wires in module $paramod\cordic_stage\Width=32'00000000000000000000000000001110..
Finding unused cells or wires in module \cordic_equiv_miter..

9.11.4. Finished fast OPT passes.

9.12. Printing statistics.

=== $paramod$4bd8633b1a71c7555a354b0e88fbd5ae2933d1fe\cordic_core_iter ===

   Number of wires:                 90
   Number of wire bits:            959
   Number of public wires:          52
   Number of public wire bits:     710
   Number of memories:               0
   Number of memory bits:            0
   Number of processes:              0
   Number of cells:                 64
     $add                            1
     $adff                           2
     $dff                            4
     $eq                             9
     $logic_and                      2
     $logic_not                      2
     $logic_or                       1
     $lt                             1
     $mux                           36
     $paramod\cordic_stage\Width=32'00000000000000000000000000001110      1
     $pmux                           2
     $reduce_bool                    1
     $sshr                           2

=== $paramod$4bd8633b1a71c7555a354b0e88fbd5ae2933d1fe\cordic_core_pipe ===

   Number of wires:                131
   Number of wire bits:           1549
   Number of public wires:          88
   Number of public wire bits:    1206
   Number of memories:               0
   Number of memory bits:            0
   Number of processes:              0
   Number of cells:                 88
     $adff                           5
     $dff                           20
     $eq                             7
     $logic_and                      6
     $logic_not                      2
     $mux                           39
     $paramod\cordic_stage\Width=32'00000000000000000000000000001110      5
     $pmux                           3
     $reduce_or                      1

=== $paramod$70820d58573aa6bc151b08ca87828bb1aacf54b8\cordic_unit ===

   Number of wires:                 33
   Number of wire bits:            271
   Number of public wires:          33
   Number of public wire bits:     271
   Number of memories:               0
   Number of memory bits:            0
   Number of processes:              0
   Number of cells:                  3
     $paramod$4bd8633b1a71c7555a354b0e88fbd5ae2933d1fe\cordic_core_pipe      1
     $paramod$801fe539f75c768c502eaedc222877d9a728ec18\cordic_pre      1
     $paramod$88d5efff5ea4ed3f4dc036b654af2da8e0760030\cordic_post      1

=== $paramod$801fe539f75c768c502eaedc222877d9a728ec18\cordic_pre ===

   Number of wires:                104
   Number of wire bits:            728
   Number of public wires:          28
   Number of public wire bits:     260
   Number of memories:               0
   Number of memory bits:            0
   Number of processes:              0
   Number of cells:                 86
     $add                            2
     $eq                            10
     $gt                             4
     $le                             1
     $logic_and                      1
     $logic_not                      6
     $lt                             5
     $mux                           36
     $neg                            6
     $pmux                           5
     $reduce_or                      8
     $sub                            2

=== $paramod$88d5efff5ea4ed3f4dc036b654af2da8e0760030\cordic_post ===

   Number of wires:                 67
   Number of wire bits:            597
   Number of public wires:          38
   Number of public wire bits:     339
   Number of memories:               0
   Number of memory bits:            0
   Number of processes:              0
   Number of cells:                 41
     $add                            5
     $gt                             4
     $logic_and                      1
     $logic_or                       1
     $lt                             5
     $mux                           22
     $neg                            2
     $sub                            1

=== $paramod$d65250d32a3a3b63267a61a752ff3d1effa537d5\cordic_unit ===

   Number of wires:                 33
   Number of wire bits:            271
   Number of public wires:          33
   Number of public wire bits:     271
   Number of memories:               0
   Number of memory bits:            0
   Number of processes:              0
   Number of cells:                  3
     $paramod$4bd8633b1a71c7555a354b0e88fbd5ae2933d1fe\cordic_core_iter      1
     $paramod$801fe539f75c768c502eaedc222877d9a728ec18\cordic_pre      1
     $paramod$88d5efff5ea4ed3f4dc036b654af2da8e0760030\cordic_post      1

=== $paramod\cordic_stage\Width=32'00000000000000000000000000001110 ===

   Number of wires:                 23
   Number of wire bits:            245
   Number of public wires:          12
   Number of public wire bits:     130
   Number of memories:               0
   Number of memory bits:            0
   Number of processes:              0
   Number of cells:                 15
     $add                            3
     $eq                             1
     $logic_not                      1
     $mux                            5
     $not                            1
     $pmux                           1
     $sub                            3

=== cordic_equiv_miter ===

   Number of wires:                105
   Number of wire bits:            491
   Number of public wires:          57
   Number of public wire bits:     345
   Number of memories:               0
   Number of memory bits:            0
   Number of processes:              0
   Number of cells:                 76
     $add                            2
     $adff                           2
     $assert                         6
     $cover                          2
     $dff                           22
     $eq                             8
     $logic_and                      7
     $mux                           24
     $paramod$70820d58573aa6bc151b08ca87828bb1aacf54b8\cordic_unit      1
     $paramod$d65250d32a3a3b63267a61a752ff3d1effa537d5\cordic_unit      1
     $reduce_bool                    1

=== design hierarchy ===

   cordic_equiv_miter                1
     $paramod$70820d58573aa6bc151b08ca87828bb1aacf54b8\cordic_unit      1
       $paramod$4bd8633b1a71c7555a354b0e88fbd5ae2933d1fe\cordic_core_pipe      1
         $paramod\cordic_stage\Width=32'00000000000000000000000000001110      5
       $paramod$801fe539f75c768c502eaedc222877d9a728ec18\cordic_pre      1
       $paramod$88d5efff5ea4ed3f4dc036b654af2da8e0760030\cordic_post      1
     $paramod$d65250d32a3a3b63267a61a752ff3d1effa537d5\cordic_unit      1
       $paramod$4bd8633b1a71c7555a354b0e88fbd5ae2933d1fe\cordic_core_iter      1
         $paramod\cordic_stage\Width=32'00000000000000000000000000001110      1
       $paramod$801fe539f75c768c502eaedc222877d9a728ec18\cordic_pre      1
       $paramod$88d5efff5ea4ed3f4dc036b654af2da8e0760030\cordic_post      1

   Number of wires:                872
   Number of wire bits:           7661
   Number of public wires:         467
   Number of public wire bits:    4781
   Number of memories:               0
   Number of memory bits:            0
   Number of processes:              0
   Number of cells:                564
     $add                           35
     $adff                           9
     $assert                         6
     $cover                          2
     $dff                           46
     $eq                            50
     $gt                            16
     $le                             2
     $logic_and                     19
     $logic_not                     22
     $logic_or                       3
     $lt                            21
     $mux                          245
     $neg                           16
     $not                            6
     $pmux                          21
     $reduce_bool                    2
     $reduce_or                     17
     $sshr                           2
     $sub                           24

9.13. Executing CHECK pass (checking for obvious problems).
Checking module $paramod$4bd8633b1a71c7555a354b0e88fbd5ae2933d1fe\cordic_core_iter...
Checking module $paramod$4bd8633b1a71c7555a354b0e88fbd5ae2933d1fe\cordic_core_pipe...
Checking module $paramod$70820d58573aa6bc151b08ca87828bb1aacf54b8\cordic_unit...
Checking module $paramod$801fe539f75c768c502eaedc222877d9a728ec18\cordic_pre...
Checking module $paramod$88d5efff5ea4ed3f4dc036b654af2da8e0760030\cordic_post...
Checking module $paramod$d65250d32a3a3b63267a61a752ff3d1effa537d5\cordic_unit...
Checking module $paramod\cordic_stage\Width=32'00000000000000000000000000001110...
Checking module cordic_equiv_miter...
Found and reported 0 problems.

10. Executing HIERARCHY pass (managing design hierarchy).

10.1. Analyzing design hierarchy..
Top module:  \cordic_equiv_miter
Used module:     $paramod$d65250d32a3a3b63267a61a752ff3d1effa537d5\cordic_unit
Used module:         $paramod$4bd8633b1a71c7555a354b0e88fbd5ae2933d1fe\cordic_core_iter
Used module:             $paramod\cordic_stage\Width=32'00000000000000000000000000001110
Used module:         $paramod$88d5efff5ea4ed3f4dc036b654af2da8e0760030\cordic_post
Used module:         $paramod$801fe539f75c768c502eaedc222877d9a728ec18\cordic_pre
Used module:     $paramod$70820d58573aa6bc151b08ca87828bb1aacf54b8\cordic_unit
Used module:         $paramod$4bd8633b1a71c7555a354b0e88fbd5ae2933d1fe\cordic_core_pipe

10.2. Analyzing design hierarchy..
Top module:  \cordic_equiv_miter
Used module:     $paramod$d65250d32a3a3b63267a61a752ff3d1effa537d5\cordic_unit
Used module:         $paramod$4bd8633b1a71c7555a354b0e88fbd5ae2933d1fe\cordic_core_iter
Used module:             $paramod\cordic_stage\Width=32'00000000000000000000000000001110
Used module:         $paramod$88d5efff5ea4ed3f4dc036b654af2da8e0760030\cordic_post
Used module:         $paramod$801fe539f75c768c502eaedc222877d9a728ec18\cordic_pre
Used module:     $paramod$70820d58573aa6bc151b08ca87828bb1aacf54b8\cordic_unit
Used module:         $paramod$4bd8633b1a71c7555a354b0e88fbd5ae2933d1fe\cordic_core_pipe
Removed 0 unused modules.
Module cordic_equiv_miter directly or indirectly contains formal properties -> setting "keep" attribute.

11. Executing jny backend.

12. Executing RTLIL backend.
Output filename: ../model/design.il

End of script. Logfile hash: e018655ac2, CPU: user 0.47s system 0.01s, MEM: 21.01 MB peak
Yosys 0.33 (git sha1 2584903a060)
Time spent: 21% 2x hierarchy (0 sec), 19% 6x opt_clean (0 sec), ...
